corp,stock_code,sector,year,kis_bond_type,kis_rank,nice_bond_type,nice_rank,rank
AJ네트웍스,95570,서비스업,2019,SB,BBB+,NULL,NULL,BBB
AJ네트웍스,95570,서비스업,2020,SB,BBB+,NULL,NULL,BBB
AJ네트웍스,95570,서비스업,2021,PP,BBB+,NULL,NULL,BBB
AJ네트웍스,95570,서비스업,2022,PP,BBB+,NULL,NULL,BBB
CJ,1040,기타금융,2018,NULL,NULL,SB,AA-,AA-
CJ,1040,기타금융,2019,NULL,NULL,SB,AA-,AA-
CJ,1040,기타금융,2020,NULL,NULL,SB,AA-,AA-
CJ,1040,기타금융,2021,NULL,NULL,SB,AA-,AA-
CJ,1040,기타금융,2022,NULL,NULL,SB,AA-,AA-
CJ대한통운,120,운수창고업,2018,SB,AA-,SB,AA-,AA-
CJ대한통운,120,운수창고업,2019,PP,AA-,SB,AA-,AA-
CJ대한통운,120,운수창고업,2020,SB,AA-,SB,AA-,AA-
CJ대한통운,120,운수창고업,2021,SB,AA-,SB,AA-,AA-
CJ대한통운,120,운수창고업,2022,SB,AA-,SB,AA-,AA-
CJ제일제당,97950,음식료품,2018,SB,AA,SB,AA,AA
CJ제일제당,97950,음식료품,2019,SB,AA,SB,AA,AA
CJ제일제당,97950,음식료품,2020,SB,AA,SB,AA,AA
CJ제일제당,97950,음식료품,2021,SB,AA,SB,AA,AA
CJ제일제당,97950,음식료품,2022,SB,AA,SB,AA,AA
DL,210,화학,2020,SB,AA-,SB,AA-,AA-
DL,210,화학,2021,SB,AA-,SB,AA-,AA-
DL,210,화학,2022,SB,AA-,SB,AA-,AA-
DL,210,화학,2018,NULL,NULL,SB,AA-,AA-
DL,210,화학,2019,NULL,NULL,SB,AA-,AA-
DL이앤씨,375500,건설업,2020,SB,AA-,SB,AA-,AA-
DL이앤씨,375500,건설업,2021,SB,AA-,NULL,NULL,AA-
DL이앤씨,375500,건설업,2022,SB,AA-,NULL,NULL,AA-
DN오토모티브,7340,전기전자,2020,NULL,NULL,SB,A,A
DN오토모티브,7340,전기전자,2021,NULL,NULL,SB,A-,A-
DN오토모티브,7340,전기전자,2022,NULL,NULL,SB,A-,A-
E1,17940,유통업,2018,SB,A+,NULL,NULL,A+
E1,17940,유통업,2019,SB,A+,NULL,NULL,A+
E1,17940,유통업,2020,SB,A+,NULL,NULL,A+
E1,17940,유통업,2021,SB,A+,NULL,NULL,A+
E1,17940,유통업,2022,SB,A+,NULL,NULL,A+
GS,78930,기타금융,2018,SB,AA,SB,AA,AA
GS,78930,기타금융,2019,SB,AA,SB,AA,AA
GS,78930,기타금융,2020,SB,AA,SB,AA,AA
GS,78930,기타금융,2021,SB,AA,SB,AA,AA
GS,78930,기타금융,2022,SB,AA,SB,AA,AA
GS건설,6360,건설업,2018,NULL,NULL,SB,A,A
GS건설,6360,건설업,2019,NULL,NULL,SB,A,A
GS건설,6360,건설업,2020,NULL,NULL,SB,A+,A+
GS건설,6360,건설업,2021,NULL,NULL,SB,A+,A+
GS건설,6360,건설업,2022,NULL,NULL,SB,A+,A+
GS글로벌,1250,유통업,2018,NULL,NULL,SB,A-,A-
GS글로벌,1250,유통업,2019,NULL,NULL,SB,A-,A-
GS리테일,7070,유통업,2019,NULL,NULL,SB,AA,AA
GS리테일,7070,유통업,2020,NULL,NULL,SB,AA,AA
GS리테일,7070,유통업,2021,NULL,NULL,SB,AA,AA
GS리테일,7070,유통업,2022,NULL,NULL,SB,AA,AA
HDC,12630,기타금융,2020,SB,A+,SB,A+,A+
HDC,12630,기타금융,2021,SB,A,SB,A,A
HDC,12630,기타금융,2022,SB,A,SB,A,A
HDC현대EP,89470,화학,2020,NULL,NULL,SB,A-,A-
HDC현대EP,89470,화학,2021,NULL,NULL,SB,A-,A-
HDC현대EP,89470,화학,2022,NULL,NULL,SB,A-,A-
HDC현대산업개발,294870,건설업,2019,SB,A+,SB,A+,A+
HDC현대산업개발,294870,건설업,2020,SB,A+,SB,A+,A+
HDC현대산업개발,294870,건설업,2021,SB,A,SB,A,A
HDC현대산업개발,294870,건설업,2022,SB,A,SB,A,A
HDC현대산업개발,294870,건설업,2018,NULL,NULL,SB,A+,A+
HD현대,267250,기타금융,2019,SB,A-,SB,A-,A-
HD현대,267250,기타금융,2020,SB,A-,SB,A,A-
HD현대,267250,기타금융,2021,SB,A,SB,A,A
HD현대,267250,기타금융,2022,SB,A,SB,A,A
HD현대,267250,기타금융,2018,NULL,NULL,SB,A-,A-
HD현대건설기계,267270,기계,2020,SB,A-,SB,A-,A-
HD현대건설기계,267270,기계,2021,SB,A-,SB,A-,A-
HD현대건설기계,267270,기계,2022,SB,A-,SB,A-,A-
HD현대건설기계,267270,기계,2018,NULL,NULL,SB,A-,A-
HD현대건설기계,267270,기계,2019,NULL,NULL,SB,A-,A-
HD현대인프라코어,42670,기계,2020,SB,A-,BW,BBB+,BBB
HD현대인프라코어,42670,기계,2021,SB,A-,BW,A-,A-
HD현대인프라코어,42670,기계,2022,SB,A-,SB,A-,A-
HD현대인프라코어,42670,기계,2018,NULL,NULL,SB,BBB,BBB
HD현대인프라코어,42670,기계,2019,NULL,NULL,SB,"BBB ",BBB
HD현대일렉트릭,267260,전기전자,2020,SB,A-,SB,A-,A-
HD현대일렉트릭,267260,전기전자,2021,SB,A-,SB,A-,A-
HD현대일렉트릭,267260,전기전자,2022,SB,A-,SB,A-,A-
HD현대일렉트릭,267260,전기전자,2018,NULL,NULL,SB,A-,A-
HD현대일렉트릭,267260,전기전자,2019,NULL,NULL,SB,A-,A-
HD현대중공업,329180,운수장비,2020,SB,A-,SB,A,A-
HD현대중공업,329180,운수장비,2021,SB,A-,SB,A,A-
HD현대중공업,329180,운수장비,2022,SB,A-,NULL,NULL,A-
HL만도,204320,운수장비,2020,SB,AA-,SB,AA-,AA-
HL만도,204320,운수장비,2021,SB,AA-,SB,AA-,AA-
HL만도,204320,운수장비,2022,SB,AA-,SB,AA-,AA-
HL만도,204320,운수장비,2018,NULL,NULL,SB,AA-,AA-
HL만도,204320,운수장비,2019,NULL,NULL,SB,AA-,AA-
HL홀딩스,60980,기타금융,2019,SB,A,SB,AA-,A
HL홀딩스,60980,기타금융,2020,SB,A,SB,A,A
HL홀딩스,60980,기타금융,2021,SB,A,SB,A,A
HL홀딩스,60980,기타금융,2022,SB,A,SB,A,A
HL홀딩스,60980,기타금융,2018,NULL,NULL,SB,A,A
HMM,11200,운수창고업,2019,NULL,NULL,CB,BB,JB
HSD엔진,82740,기계,2018,NULL,NULL,SB,BBB-,BBB
JW홀딩스,96760,기타금융,2022,NULL,NULL,SB,BBB-,BBB
KC코트렐,119650,기계,2021,SCB,BB-,NULL,NULL,JB
KR모터스,40,운수장비,2018,NULL,NULL,BW,B-,JB
KR모터스,40,운수장비,2019,NULL,NULL,BW,B-,JB
KR모터스,40,운수장비,2020,NULL,NULL,BW,B-,JB
KR모터스,40,운수장비,2021,NULL,NULL,BW,B-,JB
LF,93050,섬유의복,2018,SB,AA-,SB,AA-,AA-
LF,93050,섬유의복,2019,SB,AA-,SB,AA-,AA-
LF,93050,섬유의복,2020,SB,AA-,SB,AA-,AA-
LF,93050,섬유의복,2021,SB,AA-,SB,AA-,AA-
LF,93050,섬유의복,2022,SB,AA-,SB,AA-,AA-
LG디스플레이,34220,전기전자,2018,SB,AA-,SB,AA-,AA-
LG디스플레이,34220,전기전자,2019,SB,A+,SB,A+,A+
LG디스플레이,34220,전기전자,2020,SB,A+,SB,A+,A+
LG디스플레이,34220,전기전자,2021,SB,A+,SB,A+,A+
LG디스플레이,34220,전기전자,2022,SB,A,SB,A,A
LG생활건강,51900,화학,2018,NULL,NULL,SB,AA+,AA+
LG에너지솔루션,373220,전기전자,2019,SB,AA+,SB,AA+,AA+
LG에너지솔루션,373220,전기전자,2020,SB,AA+,SB,AA+,AA+
LG에너지솔루션,373220,전기전자,2021,SB,AA+,SB,AA+,AA+
LG에너지솔루션,373220,전기전자,2022,SB,AA,SB,AA,AA
LG유플러스,32640,통신업,2018,SB,AA,SB,AA,AA
LG유플러스,32640,통신업,2019,SB,AA,SB,AA,AA
LG유플러스,32640,통신업,2020,SB,AA,SB,AA,AA
LG유플러스,32640,통신업,2021,SB,AA,SB,AA,AA
LG유플러스,32640,통신업,2022,SB,AA,SB,AA,AA
LG이노텍,11070,전기전자,2019,SB,AA-,SB,AA-,AA-
LG이노텍,11070,전기전자,2020,SB,AA-,SB,AA-,AA-
LG이노텍,11070,전기전자,2021,SB,AA-,SB,AA-,AA-
LG이노텍,11070,전기전자,2022,SB,AA-,SB,AA-,AA-
LG전자,66570,전기전자,2018,SB,AA,SB,AA,AA
LG전자,66570,전기전자,2019,SB,AA,SB,AA,AA
LG전자,66570,전기전자,2020,SB,AA,SB,AA,AA
LG전자,66570,전기전자,2021,SB,AA,SB,AA,AA
LG전자,66570,전기전자,2022,SB,AA,SB,AA,AA
LG헬로비전,37560,서비스업,2019,SB,AA-,NULL,NULL,AA-
LG헬로비전,37560,서비스업,2020,SB,AA-,NULL,NULL,AA-
LG헬로비전,37560,서비스업,2021,SB,AA-,NULL,NULL,AA-
LG헬로비전,37560,서비스업,2022,SB,AA-,NULL,NULL,AA-
LG헬로비전,37560,서비스업,2018,NULL,NULL,SB,A+,A+
LG화학,51910,화학,2019,SB,AA+,SB,AA+,AA+
LG화학,51910,화학,2020,SB,AA+,SB,AA+,AA+
LG화학,51910,화학,2021,SB,AA+,SB,AA+,AA+
LG화학,51910,화학,2022,SB,AA+,SB,AA+,AA+
LG화학,51910,화학,2018,NULL,NULL,SB,AA+,AA+
LIG넥스원,79550,기계,2019,SB,AA-,SB,AA-,AA-
LIG넥스원,79550,기계,2020,SB,AA-,SB,AA-,AA-
LIG넥스원,79550,기계,2021,SB,AA-,SB,AA-,AA-
LIG넥스원,79550,기계,2022,SB,AA-,SB,AA-,AA-
LIG넥스원,79550,기계,2018,SB,AA-,NULL,NULL,AA-
LS,6260,기타금융,2020,SB,A+,SB,A+,A+
LS,6260,기타금융,2021,SB,A+,SB,A+,A+
LS,6260,기타금융,2022,SB,A+,SB,A+,A+
LS,6260,기타금융,2018,SB,A+,NULL,NULL,A+
LS,6260,기타금융,2019,SB,A+,NULL,NULL,A+
LS네트웍스,680,유통업,2018,NULL,NULL,SB,BBB+,BBB
LS네트웍스,680,유통업,2019,NULL,NULL,SB,BBB+,BBB
LS네트웍스,680,유통업,2020,NULL,NULL,SB,BBB+,BBB
LS네트웍스,680,유통업,2021,NULL,NULL,SB,BBB+,BBB
LS네트웍스,680,유통업,2022,NULL,NULL,SB,BBB+,BBB
LX인터내셔널,1120,유통업,2018,NULL,NULL,SB,AA-,AA-
LX인터내셔널,1120,유통업,2019,NULL,NULL,SB,AA-,AA-
LX인터내셔널,1120,유통업,2020,NULL,NULL,SB,AA-,AA-
LX인터내셔널,1120,유통업,2021,NULL,NULL,SB,AA-,AA-
LX인터내셔널,1120,유통업,2022,NULL,NULL,SB,AA-,AA-
LX하우시스,108670,화학,2020,SB,A+,SB,A+,A+
LX하우시스,108670,화학,2021,PP,A+,SB,A+,A+
LX하우시스,108670,화학,2022,PP,A+,NULL,NULL,A+
LX하우시스,108670,화학,2018,NULL,NULL,SB,AA-,AA-
LX하우시스,108670,화학,2019,NULL,NULL,SB,AA-,AA-
OCI홀딩스,10060,화학,2018,NULL,NULL,SB,A+,A+
OCI홀딩스,10060,화학,2019,NULL,NULL,SB,A,A
OCI홀딩스,10060,화학,2021,NULL,NULL,SB,A,A
SBS,34120,서비스업,2019,SB,AA,SB,AA,AA
SBS,34120,서비스업,2020,SB,AA,SB,AA,AA
SBS,34120,서비스업,2021,SB,AA,SB,AA,AA
SBS,34120,서비스업,2022,SB,AA,SB,AA,AA
SBS,34120,서비스업,2018,NULL,NULL,SB,AA,AA
SGC에너지,5090,전기가스업,2019,SB,A+,NULL,NULL,A+
SGC에너지,5090,전기가스업,2020,SB,A+,NULL,NULL,A+
SGC에너지,5090,전기가스업,2021,SB,A+,NULL,NULL,A+
SGC에너지,5090,전기가스업,2022,SB,A+,NULL,NULL,A+
SK,34730,기타금융,2018,SB,AA+,SB,AA+,AA+
SK,34730,기타금융,2019,SB,AA+,SB,AA+,AA+
SK,34730,기타금융,2020,SB,AA+,SB,AA+,AA+
SK,34730,기타금융,2021,SB,AA+,SB,AA+,AA+
SK,34730,기타금융,2022,SB,AA+,SB,AA+,AA+
SKC,11790,화학,2018,SB,A+,SB,A+,A+
SKC,11790,화학,2019,SB,A+,SB,A+,A+
SKC,11790,화학,2020,SB,A+,SB,A+,A+
SKC,11790,화학,2021,SB,A+,SB,A+,A+
SKC,11790,화학,2022,SB,A+,SB,A+,A+
SK가스,18670,유통업,2018,SB,AA-,SB,AA-,AA-
SK가스,18670,유통업,2019,SB,AA-,SB,AA-,AA-
SK가스,18670,유통업,2020,SB,AA-,SB,AA-,AA-
SK가스,18670,유통업,2021,SB,AA-,SB,AA-,AA-
SK가스,18670,유통업,2022,SB,AA-,SB,AA-,AA-
SK네트웍스,1740,유통업,2018,SB,AA-,SB,AA-,AA-
SK네트웍스,1740,유통업,2019,SB,AA-,SB,AA-,AA-
SK네트웍스,1740,유통업,2020,SB,AA-,SB,AA-,AA-
SK네트웍스,1740,유통업,2021,SB,AA-,SB,AA-,AA-
SK네트웍스,1740,유통업,2022,SB,AA-,SB,AA-,AA-
SK디스커버리,6120,기타금융,2019,SB,A,SB,A,A
SK디스커버리,6120,기타금융,2020,SB,A+,SB,A,A
SK디스커버리,6120,기타금융,2021,SB,A+,SB,A+,A+
SK디스커버리,6120,기타금융,2022,SB,A+,SB,A+,A+
SK디스커버리,6120,기타금융,2018,NULL,NULL,SB,A,A
SK디앤디,210980,서비스업,2020,PP,BBB,NULL,NULL,BBB
SK디앤디,210980,서비스업,2021,SB,BBB,NULL,NULL,BBB
SK디앤디,210980,서비스업,2022,PP,BBB,NULL,NULL,BBB
SK렌터카,68400,서비스업,2020,SB,A,SB,A,A
SK렌터카,68400,서비스업,2021,SB,A,SB,A,A
SK렌터카,68400,서비스업,2022,SB,A+,SB,A+,A+
SK렌터카,68400,서비스업,2018,NULL,NULL,SB,A,A
SK렌터카,68400,서비스업,2019,NULL,NULL,SB,A,A
SK바이오사이언스,302440,의약품,2018,NULL,NULL,SB,A,A
SK바이오사이언스,302440,의약품,2019,NULL,NULL,SB,A,A
SK바이오사이언스,302440,의약품,2020,NULL,NULL,SB,A,A
SK바이오사이언스,302440,의약품,2021,NULL,NULL,SB,A+,A+
SK오션플랜트,100090,철강금속,2019,NULL,NULL,SB,BB-,JB
SK오션플랜트,100090,철강금속,2020,NULL,NULL,SB,BB-,JB
SK오션플랜트,100090,철강금속,2021,NULL,NULL,SB,BB+,JB
SK이노베이션,96770,화학,2020,SB,AA,SB,AA,AA
SK이노베이션,96770,화학,2021,SB,AA,SB,AA,AA
SK이노베이션,96770,화학,2022,SB,AA,SB,AA,AA
SK이노베이션,96770,화학,2018,NULL,NULL,SB,AA+,AA+
SK이노베이션,96770,화학,2019,NULL,NULL,SB,AA,AA
SK케미칼,285130,화학,2018,SB,A,SB,A,A
SK케미칼,285130,화학,2019,SB,A,SB,A,A
SK케미칼,285130,화학,2020,SB,A+,SB,A,A
SK케미칼,285130,화학,2021,SB,A+,SB,A+,A+
SK케미칼,285130,화학,2022,SB,A+,SB,A+,A+
SK텔레콤,17670,통신업,2020,SB,AAA,SB,AAA,AAA
SK텔레콤,17670,통신업,2021,SB,AAA,SB,AAA,AAA
SK텔레콤,17670,통신업,2022,HB,AA+,HB,AA+,AA+
SK텔레콤,17670,통신업,2018,NULL,NULL,SB,AAA,AAA
SK텔레콤,17670,통신업,2019,NULL,NULL,SB,AAA,AAA
SK하이닉스,660,전기전자,2018,SB,AA,SB,AA,AA
SK하이닉스,660,전기전자,2019,SB,AA,SB,AA,AA
SK하이닉스,660,전기전자,2020,SB,AA,SB,AA,AA
SK하이닉스,660,전기전자,2021,SB,AA,SB,AA,AA
SK하이닉스,660,전기전자,2022,SB,AA,SB,AA,AA
TCC스틸,2710,철강금속,2019,NULL,NULL,SB,BB+,JB
TCC스틸,2710,철강금속,2020,NULL,NULL,SB,BB+,JB
TCC스틸,2710,철강금속,2021,NULL,NULL,SB,BB+,JB
TCC스틸,2710,철강금속,2022,NULL,NULL,SB,BB+,JB
TYM,2900,기계,2019,NULL,NULL,SB,BB+,JB
TYM,2900,기계,2020,NULL,NULL,SB,BB+,JB
TYM,2900,기계,2021,NULL,NULL,SB,BB+,JB
TYM,2900,기계,2022,NULL,NULL,SB,BBB-,BBB
가온전선,500,전기전자,2020,SB,A,SB,A,A
가온전선,500,전기전자,2021,SB,A,SB,A,A
가온전선,500,전기전자,2022,SB,A,SB,A,A
가온전선,500,전기전자,2018,NULL,NULL,SB,A,A
가온전선,500,전기전자,2019,NULL,NULL,SB,A,A
광동제약,9290,의약품,2018,NULL,NULL,SB,A,A
광동제약,9290,의약품,2019,NULL,NULL,SB,A,A
광동제약,9290,의약품,2021,NULL,NULL,SB,A,A
광동제약,9290,의약품,2022,NULL,NULL,SB,A,A
국도화학,7690,화학,2020,SB,A+,SB,A+,A+
국도화학,7690,화학,2021,SB,A+,SB,A+,A+
국도화학,7690,화학,2022,SB,A+,SB,A+,A+
국도화학,7690,화학,2018,NULL,NULL,SB,A+,A+
국도화학,7690,화학,2019,NULL,NULL,SB,A+,A+
국동,5320,유통업,2018,BW1,BB-,BW,BB,JB
국동,5320,유통업,2019,BW1,BB-,BW,BB-,JB
국동,5320,유통업,2020,BW1,BB-,BW,BB-,JB
국동,5320,유통업,2021,BW1,BB-,BW,BB-,JB
국동,5320,유통업,2022,BW1,BB-,BW,BB-,JB
금양,1570,화학,2019,NULL,NULL,SB,BB+,JB
금양,1570,화학,2020,NULL,NULL,SB,BB+,JB
금양,1570,화학,2021,NULL,NULL,SB,BB+,JB
금양,1570,화학,2022,NULL,NULL,SB,BB+,JB
금호석유화학,11780,화학,2018,SB,A,SB,A,A
금호석유화학,11780,화학,2019,SB,A,SB,A,A
금호석유화학,11780,화학,2020,SB,A+,SB,A+,A+
금호석유화학,11780,화학,2021,SB,A+,SB,A+,A+
금호석유화학,11780,화학,2022,SB,A+,SB,A+,A+
금호에이치티,214330,운수장비,2018,BW1,BB+,NULL,NULL,JB
금호에이치티,214330,운수장비,2019,BW1,BB+,NULL,NULL,JB
금호에이치티,214330,운수장비,2020,BW1,BB,NULL,NULL,JB
금호에이치티,214330,운수장비,2021,BW1,BB,NULL,NULL,JB
금호에이치티,214330,운수장비,2022,BW1,BB,NULL,NULL,JB
금호전기,1210,전기전자,2018,BW1,B,NULL,NULL,JB
금호전기,1210,전기전자,2019,BW1,B-,NULL,NULL,JB
금호전기,1210,전기전자,2020,BW1,B-,NULL,NULL,JB
금호전기,1210,전기전자,2021,BW1,B-,NULL,NULL,JB
금호전기,1210,전기전자,2022,BW1,B-,NULL,NULL,JB
기아,270,운수장비,2018,SB,AA,SB,AA,AA
기아,270,운수장비,2019,SB,AA,SB,AA,AA
기아,270,운수장비,2020,SB,AA,SB,AA,AA
기아,270,운수장비,2021,SB,AA,SB,AA,AA
깨끗한나라,4540,종이목재,2019,NULL,NULL,SB,BBB,BBB
깨끗한나라,4540,종이목재,2020,NULL,NULL,SB,BBB,BBB
깨끗한나라,4540,종이목재,2021,NULL,NULL,SB,BBB,BBB
깨끗한나라,4540,종이목재,2022,NULL,NULL,SB,BBB,BBB
넥센타이어,2350,화학,2018,SB,A+,SB,A+,A+
넥센타이어,2350,화학,2019,SB,A+,SB,A+,A+
넥센타이어,2350,화학,2020,SB,A+,SB,A+,A+
넥센타이어,2350,화학,2021,SB,A,SB,A,A
넥센타이어,2350,화학,2022,SB,A,SB,A,A
넷마블,251270,서비스업,2019,NULL,NULL,SB,AA-,AA-
넷마블,251270,서비스업,2020,NULL,NULL,SB,AA-,AA-
넷마블,251270,서비스업,2021,NULL,NULL,SB,A+,A+
넷마블,251270,서비스업,2022,NULL,NULL,SB,A+,A+
노루페인트,90350,화학,2018,NULL,NULL,SB,A-,A-
노루페인트,90350,화학,2019,NULL,NULL,SB,A-,A-
노루페인트,90350,화학,2020,NULL,NULL,SB,A-,A-
녹십자,6280,의약품,2018,NULL,NULL,SB,AA-,AA-
녹십자,6280,의약품,2019,NULL,NULL,SB,AA-,AA-
녹십자,6280,의약품,2020,NULL,NULL,SB,A+,A+
녹십자,6280,의약품,2021,NULL,NULL,SB,A+,A+
녹십자,6280,의약품,2022,NULL,NULL,SB,A+,A+
녹십자홀딩스,5250,서비스업,2020,PP,A+,NULL,NULL,A+
녹십자홀딩스,5250,서비스업,2021,PP,A+,NULL,NULL,A+
녹십자홀딩스,5250,서비스업,2022,PP,A+,NULL,NULL,A+
농심홀딩스,72710,기타금융,2018,NULL,NULL,SB,AA,AA
다우기술,23590,서비스업,2019,SB,A,SB,A,A
다우기술,23590,서비스업,2020,SB,A,SB,A,A
다우기술,23590,서비스업,2021,SB,A,SB,A,A
다우기술,23590,서비스업,2022,SB,A,SB,A,A
다우기술,23590,서비스업,2018,NULL,NULL,SB,A,A
대상,1680,음식료품,2018,SB,A+,SB,AA-,A+
대상,1680,음식료품,2019,SB,A+,SB,AA-,A+
대상,1680,음식료품,2020,SB,AA-,SB,AA-,AA-
대상,1680,음식료품,2021,SB,AA-,SB,AA-,AA-
대상,1680,음식료품,2022,SB,AA-,SB,AA-,AA-
대상홀딩스,84690,기타금융,2020,SB,AA-,SB,AA-,AA-
대상홀딩스,84690,기타금융,2021,SB,AA-,SB,AA-,AA-
대상홀딩스,84690,기타금융,2022,SB,AA-,SB,AA-,AA-
대성산업,128820,유통업,2019,NULL,NULL,SB,BB,JB
대성산업,128820,유통업,2020,NULL,NULL,SB,BB,JB
대성산업,128820,유통업,2021,NULL,NULL,SB,BB,JB
대성에너지,117580,전기가스업,2020,NULL,NULL,SB,A+,A+
대성에너지,117580,전기가스업,2021,NULL,NULL,SB,A+,A+
대성에너지,117580,전기가스업,2022,NULL,NULL,SB,A+,A+
대성홀딩스,16710,서비스업,2018,NULL,NULL,SB,A+,A+
대성홀딩스,16710,서비스업,2019,NULL,NULL,SB,A+,A+
대성홀딩스,16710,서비스업,2020,NULL,NULL,SB,A+,A+
대성홀딩스,16710,서비스업,2021,NULL,NULL,SB,A+,A+
대성홀딩스,16710,서비스업,2022,NULL,NULL,SB,A+,A+
대우건설,47040,건설업,2018,NULL,NULL,SB,A-,A-
대우건설,47040,건설업,2019,NULL,NULL,SB,A-,A-
대우건설,47040,건설업,2021,NULL,NULL,SB,A,A
대우건설,47040,건설업,2022,NULL,NULL,SB,A,A
대웅제약,69620,의약품,2018,NULL,NULL,SB,A+,A+
대웅제약,69620,의약품,2019,NULL,NULL,SB,A+,A+
대웅제약,69620,의약품,2020,NULL,NULL,SB,A+,A+
대웅제약,69620,의약품,2021,NULL,NULL,SB,A+,A+
대웅제약,69620,의약품,2022,NULL,NULL,SB,A+,A+
대유에이텍,2880,운수장비,2021,NULL,NULL,CB,BB,JB
대유에이텍,2880,운수장비,2022,NULL,NULL,CB,BB,JB
대유플러스,300,전기전자,2021,NULL,NULL,BW,BB,JB
대유플러스,300,전기전자,2022,NULL,NULL,BW,BB,JB
대한방직,1070,섬유의복,2019,PP,BB,NULL,NULL,JB
대한방직,1070,섬유의복,2020,PP,BB,NULL,NULL,JB
대한방직,1070,섬유의복,2021,PP,BB,NULL,NULL,JB
대한방직,1070,섬유의복,2022,PP,BB,NULL,NULL,JB
대한제당,1790,음식료품,2019,SB,A-,NULL,NULL,A-
대한제당,1790,음식료품,2020,SB,A-,NULL,NULL,A-
대한제당,1790,음식료품,2021,SB,A-,NULL,NULL,A-
대한제당,1790,음식료품,2022,SB,A-,NULL,NULL,A-
대한항공,3490,운수창고업,2020,SB,BBB+,SB,BBB+,BBB
대한항공,3490,운수창고업,2021,SB,BBB+,SB,BBB+,BBB
대한항공,3490,운수창고업,2022,SB,BBB+,SB,BBB+,BBB
대한항공,3490,운수창고업,2018,NULL,NULL,SB,BBB+,BBB
대한항공,3490,운수창고업,2019,NULL,NULL,SB,BBB+,BBB
더블유게임즈,192080,서비스업,2020,SB,A,NULL,NULL,A
더블유게임즈,192080,서비스업,2021,SB,A,NULL,NULL,A
더블유게임즈,192080,서비스업,2022,SB,A,NULL,NULL,A
덕양산업,24900,운수장비,2019,NULL,NULL,SB,BB,JB
동아쏘시오홀딩스,640,기타금융,2022,SB,A,SB,A,A
동아쏘시오홀딩스,640,기타금융,2021,PP,A,NULL,NULL,A
동아에스티,170900,의약품,2022,SCB,A+,SB,A+,A+
동아에스티,170900,의약품,2020,SCB,A+,NULL,NULL,A+
동아에스티,170900,의약품,2021,SCB,A+,NULL,NULL,A+
동원F&B,49770,음식료품,2018,NULL,NULL,SB,A+,A+
동원F&B,49770,음식료품,2019,NULL,NULL,SB,A+,A+
동원F&B,49770,음식료품,2020,NULL,NULL,SB,A+,A+
동원F&B,49770,음식료품,2021,NULL,NULL,SB,A+,A+
동원F&B,49770,음식료품,2022,NULL,NULL,SB,A+,A+
동원산업,6040,기타금융,2018,SB,AA-,SB,AA-,AA-
동원산업,6040,기타금융,2019,SB,AA-,SB,AA-,AA-
동원산업,6040,기타금융,2020,SB,AA-,SB,AA-,AA-
동원산업,6040,기타금융,2021,SB,AA-,SB,AA-,AA-
동원산업,6040,기타금융,2022,SB,AA-,SB,AA-,AA-
동원시스템즈,14820,화학,2018,SB,A,SB,A+,A
동원시스템즈,14820,화학,2019,SB,A,SB,A+,A
동원시스템즈,14820,화학,2020,SB,A,SB,A+,A
동원시스템즈,14820,화학,2021,SB,A,SB,A+,A
동원시스템즈,14820,화학,2022,SB,A+,SB,A+,A+
두산,150,기타금융,2020,SB,BBB,SB,BBB,BBB
두산,150,기타금융,2021,SB,BBB,SB,BBB,BBB
두산,150,기타금융,2022,SB,BBB,SB,BBB,BBB
두산,150,기타금융,2018,NULL,NULL,SB,BBB+,BBB
두산,150,기타금융,2019,NULL,NULL,SB,BBB,BBB
두산에너빌리티,34020,기계,2018,NULL,NULL,SB,BBB,BBB
두산에너빌리티,34020,기계,2019,NULL,NULL,SB,"BBB- ",BBB
두산에너빌리티,34020,기계,2020,NULL,NULL,BW,BBB-,BBB
두산에너빌리티,34020,기계,2021,NULL,NULL,SB,BBB,BBB
두산에너빌리티,34020,기계,2022,NULL,NULL,SB,BBB,BBB
두올,16740,운수장비,2019,NULL,NULL,SB,BBB-,BBB
두올,16740,운수장비,2020,NULL,NULL,SB,BBB-,BBB
두올,16740,운수장비,2021,NULL,NULL,SB,BBB-,BBB
디아이씨,92200,운수장비,2018,NULL,NULL,SB,BB+,JB
디아이씨,92200,운수장비,2019,NULL,NULL,BW,BB,JB
롯데렌탈,89860,서비스업,2018,SB,AA-,SB,AA-,AA-
롯데렌탈,89860,서비스업,2019,SB,AA-,SB,AA-,AA-
롯데렌탈,89860,서비스업,2020,SB,AA-,SB,AA-,AA-
롯데렌탈,89860,서비스업,2021,SB,AA-,SB,AA-,AA-
롯데렌탈,89860,서비스업,2022,SB,AA-,SB,A+,A+
롯데쇼핑,23530,유통업,2018,SB,AA,SB,AA,AA
롯데쇼핑,23530,유통업,2019,SB,AA,SB,AA,AA
롯데쇼핑,23530,유통업,2020,SB,AA,SB,AA,AA
롯데쇼핑,23530,유통업,2021,SB,AA,SB,AA,AA
롯데쇼핑,23530,유통업,2022,SB,AA-,SB,AA-,AA-
롯데웰푸드,280360,음식료품,2018,SB,AA,SB,AA,AA
롯데웰푸드,280360,음식료품,2019,SB,AA,SB,AA,AA
롯데웰푸드,280360,음식료품,2020,SB,AA,SB,AA,AA
롯데웰푸드,280360,음식료품,2021,SB,AA,SB,AA,AA
롯데웰푸드,280360,음식료품,2022,SB,AA,SB,AA,AA
롯데정밀화학,4000,화학,2018,NULL,NULL,SB,AA-,AA-
롯데지주,4990,기타금융,2019,SB,AA,SB,AA,AA
롯데지주,4990,기타금융,2020,SB,AA,SB,AA,AA
롯데지주,4990,기타금융,2021,SB,AA,SB,AA,AA
롯데지주,4990,기타금융,2022,SB,AA-,SB,AA-,AA-
롯데지주,4990,기타금융,2018,NULL,NULL,SB,AA,AA
롯데칠성음료,5300,음식료품,2018,SB,AA,SB,AA,AA
롯데칠성음료,5300,음식료품,2019,SB,AA,SB,AA,AA
롯데칠성음료,5300,음식료품,2020,SB,AA,SB,AA,AA
롯데칠성음료,5300,음식료품,2021,SB,AA,SB,AA,AA
롯데칠성음료,5300,음식료품,2022,SB,AA,SB,AA,AA
롯데케미칼,11170,화학,2018,SB,AA+,SB,AA+,AA+
롯데케미칼,11170,화학,2019,SB,AA+,SB,AA+,AA+
롯데케미칼,11170,화학,2020,SB,AA+,SB,AA+,AA+
롯데케미칼,11170,화학,2021,SB,AA+,SB,AA+,AA+
롯데케미칼,11170,화학,2022,SB,AA,SB,AA,AA
마니커,27740,음식료품,2019,NULL,NULL,SB,BB,JB
마니커,27740,음식료품,2020,NULL,NULL,SB,BB-,JB
마니커,27740,음식료품,2021,NULL,NULL,SB,BB-,JB
마니커,27740,음식료품,2022,NULL,NULL,SB,BB-,JB
메타랩스,90370,섬유의복,2018,NULL,NULL,BW,B-,JB
무림페이퍼,9200,종이목재,2021,PP,A-,NULL,NULL,A-
무림페이퍼,9200,종이목재,2022,PP,A-,NULL,NULL,A-
보령,3850,의약품,2019,NULL,NULL,SB,A,A
보령,3850,의약품,2020,NULL,NULL,SB,A,A
보령,3850,의약품,2021,NULL,NULL,SB,A,A
사조산업,7160,"농업, 임업 및 어업",2018,NULL,NULL,SB,A-,A-
사조산업,7160,"농업, 임업 및 어업",2019,NULL,NULL,SB,A-,A-
사조산업,7160,"농업, 임업 및 어업",2020,NULL,NULL,SB,A-,A-
사조산업,7160,"농업, 임업 및 어업",2021,NULL,NULL,SB,A-,A-
사조산업,7160,"농업, 임업 및 어업",2022,NULL,NULL,SB,A-,A-
삼성SDI,6400,전기전자,2018,NULL,NULL,SB,AA,AA
삼성SDI,6400,전기전자,2019,NULL,NULL,SB,AA,AA
삼성SDI,6400,전기전자,2020,NULL,NULL,SB,AA,AA
삼성SDI,6400,전기전자,2021,NULL,NULL,SB,AA,AA
삼성SDI,6400,전기전자,2022,NULL,NULL,SB,AA,AA
삼성물산,28260,유통업,2019,SB,AA+,SB,AA+,AA+
삼성물산,28260,유통업,2020,SB,AA+,SB,AA+,AA+
삼성물산,28260,유통업,2022,SB,AA+,SB,AA+,AA+
삼성물산,28260,유통업,2021,SB,AA+,NULL,NULL,AA+
삼성물산,28260,유통업,2018,NULL,NULL,SB,AA+,AA+
삼성바이오로직스,207940,의약품,2020,SB,A+,NULL,NULL,A+
삼성바이오로직스,207940,의약품,2021,SB,AA-,NULL,NULL,AA-
삼성바이오로직스,207940,의약품,2022,SB,AA-,NULL,NULL,AA-
삼성에스디에스,18260,서비스업,2018,NULL,NULL,SB,AA+,AA+
삼성에스디에스,18260,서비스업,2019,NULL,NULL,SB,AA+,AA+
삼양사,145990,음식료품,2019,SB,AA-,SB,AA-,AA-
삼양사,145990,음식료품,2020,SB,AA-,SB,AA-,AA-
삼양사,145990,음식료품,2021,SB,AA-,SB,AA-,AA-
삼양사,145990,음식료품,2022,SB,AA-,SB,AA-,AA-
삼양사,145990,음식료품,2018,SB,AA-,NULL,NULL,AA-
삼양식품,3230,음식료품,2020,NULL,NULL,SB,A,A
삼양식품,3230,음식료품,2021,NULL,NULL,SB,A,A
삼양식품,3230,음식료품,2022,NULL,NULL,SB,A,A
삼양패키징,272550,화학,2018,NULL,NULL,SB,A-,A-
삼양패키징,272550,화학,2019,NULL,NULL,SB,A-,A-
삼양패키징,272550,화학,2020,NULL,NULL,SB,A-,A-
삼양패키징,272550,화학,2021,NULL,NULL,SB,A-,A-
삼양패키징,272550,화학,2022,NULL,NULL,SB,A-,A-
삼양홀딩스,70,기타금융,2018,SB,AA-,NULL,NULL,AA-
삼양홀딩스,70,기타금융,2019,SB,AA-,NULL,NULL,AA-
삼양홀딩스,70,기타금융,2020,SB,AA-,NULL,NULL,AA-
삼양홀딩스,70,기타금융,2021,SB,AA-,NULL,NULL,AA-
삼양홀딩스,70,기타금융,2022,SB,AA-,NULL,NULL,AA-
삼천리,4690,전기가스업,2019,SB,AA+,SB,AA+,AA+
삼천리,4690,전기가스업,2020,SB,AA+,SB,AA+,AA+
삼천리,4690,전기가스업,2021,SB,AA+,SB,AA+,AA+
삼천리,4690,전기가스업,2022,SB,AA+,SB,AA+,AA+
삼천리,4690,전기가스업,2018,NULL,NULL,SB,AA+,AA+
삼화페인트공업,390,화학,2018,NULL,NULL,SB,BBB+,BBB
삼화페인트공업,390,화학,2019,NULL,NULL,SB,BBB+,BBB
삼화페인트공업,390,화학,2020,NULL,NULL,SB,BBB+,BBB
삼화페인트공업,390,화학,2021,NULL,NULL,SB,BBB+,BBB
삼화페인트공업,390,화학,2022,NULL,NULL,SB,BBB+,BBB
서연이화,200880,운수장비,2018,NULL,NULL,SB,BBB,BBB
서연이화,200880,운수장비,2019,NULL,NULL,SB,BBB,BBB
서연이화,200880,운수장비,2020,NULL,NULL,SB,BBB,BBB
서연이화,200880,운수장비,2021,NULL,NULL,SB,BBB,BBB
서흥,8490,화학,2020,SB,A-,SB,A-,A-
서흥,8490,화학,2021,SB,A-,SB,A-,A-
서흥,8490,화학,2022,SB,A-,SB,A-,A-
서흥,8490,화학,2018,NULL,NULL,SB,A-,A-
서흥,8490,화학,2019,NULL,NULL,SB,A-,A-
선진,136490,음식료품,2018,NULL,NULL,SB,A-,A-
선진,136490,음식료품,2019,NULL,NULL,SB,BBB+,BBB
선진,136490,음식료품,2020,NULL,NULL,SB,BBB+,BBB
세아베스틸지주,1430,철강금속,2021,SB,A+,SB,A+,A+
세아베스틸지주,1430,철강금속,2022,SB,A+,SB,A+,A+
세아베스틸지주,1430,철강금속,2018,NULL,NULL,SB,A+,A+
세아베스틸지주,1430,철강금속,2019,NULL,NULL,SB,A+,A+
세아베스틸지주,1430,철강금속,2020,NULL,NULL,SB,A+,A+
세아홀딩스,58650,철강금속,2018,NULL,NULL,SB,A,A
세아홀딩스,58650,철강금속,2019,NULL,NULL,SB,A,A
세아홀딩스,58650,철강금속,2020,NULL,NULL,SB,A,A
세아홀딩스,58650,철강금속,2021,NULL,NULL,SB,A,A
세아홀딩스,58650,철강금속,2022,NULL,NULL,SB,A,A
신성이엔지,11930,전기전자,2018,NULL,NULL,BW,BB-,JB
신성이엔지,11930,전기전자,2019,NULL,NULL,BW,BB-,JB
신성이엔지,11930,전기전자,2020,NULL,NULL,BW,BB-,JB
신세계,4170,유통업,2020,SB,AA,SB,AA,AA
신세계,4170,유통업,2021,SB,AA,SB,AA,AA
신세계,4170,유통업,2022,SB,AA,SB,AA,AA
신세계,4170,유통업,2018,NULL,NULL,SB,AA,AA
신세계,4170,유통업,2019,NULL,NULL,SB,AA,AA
신세계푸드,31440,서비스업,2022,SB,A+,SB,A+,A+
신세계푸드,31440,서비스업,2020,NULL,NULL,SB,A+,A+
신세계푸드,31440,서비스업,2021,NULL,NULL,SB,A+,A+
신원,9270,섬유의복,2018,NULL,NULL,SB,BBB-,BBB
신원,9270,섬유의복,2019,NULL,NULL,SB,BB-,JB
신원,9270,섬유의복,2020,NULL,NULL,SB,BB-,JB
신원,9270,섬유의복,2021,NULL,NULL,SB,BB-,JB
신원,9270,섬유의복,2022,NULL,NULL,SB,BBB-,BBB
쌍용씨앤이,3410,비금속광물,2018,SB,A-,SB,A-,A-
쌍용씨앤이,3410,비금속광물,2019,SB,A-,SB,A-,A-
쌍용씨앤이,3410,비금속광물,2020,SB,A,SB,A,A
쌍용씨앤이,3410,비금속광물,2021,SB,A,SB,A,A
쌍용씨앤이,3410,비금속광물,2022,SB,A,SB,A,A
아시아나항공,20560,운수창고업,2018,NULL,NULL,SB,BBB-,BBB
아시아나항공,20560,운수창고업,2019,NULL,NULL,SB,BBB-,BBB
아시아나항공,20560,운수창고업,2020,NULL,NULL,SB,BBB-,BBB
아시아나항공,20560,운수창고업,2021,NULL,NULL,SB,BBB-,BBB
아주스틸,139990,철강금속,2018,NULL,NULL,SB,BB-,JB
아주스틸,139990,철강금속,2019,NULL,NULL,SB,BB-,JB
아주스틸,139990,철강금속,2020,NULL,NULL,SB,BB-,JB
아주스틸,139990,철강금속,2021,NULL,NULL,SB,BB,JB
알루코,1780,철강금속,2019,NULL,NULL,SB,BB+,JB
알루코,1780,철강금속,2020,NULL,NULL,SB,BB+,JB
알루코,1780,철강금속,2021,NULL,NULL,SB,BB+,JB
알루코,1780,철강금속,2022,NULL,NULL,SB,BB+,JB
에이프로젠바이오로직스,3060,의약품,2018,NULL,NULL,BW,B-,JB
에이프로젠바이오로직스,3060,의약품,2019,NULL,NULL,BW,B-,JB
에이프로젠바이오로직스,3060,의약품,2020,NULL,NULL,BW,B-,JB
에이프로젠바이오로직스,3060,의약품,2021,NULL,NULL,BW,B-,JB
엔씨소프트,36570,서비스업,2018,SB,AA-,SB,AA-,AA-
엔씨소프트,36570,서비스업,2019,SB,AA,SB,AA,AA
엔씨소프트,36570,서비스업,2020,SB,AA,SB,AA,AA
엔씨소프트,36570,서비스업,2021,SB,AA,SB,AA,AA
엔씨소프트,36570,서비스업,2022,SB,AA,SB,AA,AA
영원무역,111770,유통업,2018,NULL,NULL,SB,AA-,AA-
영원무역,111770,유통업,2019,NULL,NULL,SB,AA-,AA-
영원무역,111770,유통업,2020,NULL,NULL,SB,AA-,AA-
영원무역,111770,유통업,2021,NULL,NULL,SB,AA-,AA-
오리온,271560,음식료품,2018,NULL,NULL,SB,AA,AA
오리온,271560,음식료품,2019,NULL,NULL,SB,AA,AA
오리온,271560,음식료품,2020,NULL,NULL,SB,AA,AA
오리온,271560,음식료품,2021,NULL,NULL,SB,AA,AA
윌비스,8600,유통업,2019,NULL,NULL,SB,BB-,JB
윌비스,8600,유통업,2020,NULL,NULL,SB,BB-,JB
윌비스,8600,유통업,2022,NULL,NULL,SB,BB-,JB
유니켐,11330,기타제조업,2021,NULL,NULL,BW,BB-,JB
유니켐,11330,기타제조업,2022,NULL,NULL,BW,BB-,JB
율촌화학,8730,화학,2018,SB,A+,SB,A+,A+
율촌화학,8730,화학,2019,SB,A+,SB,A+,A+
율촌화학,8730,화학,2020,SB,A+,SB,A+,A+
율촌화학,8730,화학,2021,SB,A+,SB,A+,A+
율촌화학,8730,화학,2022,SB,A+,SB,A+,A+
이마트,139480,유통업,2020,SB,AA,SB,AA,AA
이마트,139480,유통업,2021,SB,AA,SB,AA,AA
이마트,139480,유통업,2022,SB,AA,SB,AA,AA
이마트,139480,유통업,2018,NULL,NULL,SB,AA+,AA+
이마트,139480,유통업,2019,NULL,NULL,SB,AA,AA
일진전기,103590,전기전자,2021,NULL,NULL,SB,A-,A-
일진전기,103590,전기전자,2022,NULL,NULL,SB,A-,A-
제일기획,30000,서비스업,2018,NULL,NULL,SB,AA,AA
제일기획,30000,서비스업,2019,NULL,NULL,SB,AA,AA
종근당,185750,의약품,2020,NULL,NULL,SB,A+,A+
종근당,185750,의약품,2021,NULL,NULL,SB,A+,A+
종근당,185750,의약품,2022,NULL,NULL,SB,A+,A+
종근당홀딩스,1630,의약품,2020,NULL,NULL,SB,A+,A+
종근당홀딩스,1630,의약품,2021,NULL,NULL,SB,A+,A+
종근당홀딩스,1630,의약품,2022,NULL,NULL,SB,A+,A+
케이비아이동국실업,1620,운수장비,2018,NULL,NULL,SB,BB,JB
케이비아이동국실업,1620,운수장비,2019,NULL,NULL,SB,BB,JB
케이비아이동국실업,1620,운수장비,2020,NULL,NULL,SB,BB,JB
케이비아이동국실업,1620,운수장비,2021,NULL,NULL,SB,BB,JB
케이비아이동국실업,1620,운수장비,2022,NULL,NULL,SB,BB,JB
케이씨씨,2380,화학,2019,SB,AA,SB,AA-,AA-
케이씨씨,2380,화학,2020,SB,AA-,SB,AA-,AA-
케이씨씨,2380,화학,2021,SB,AA-,SB,AA-,AA-
케이씨씨,2380,화학,2022,SB,AA-,SB,AA-,AA-
케이씨씨,2380,화학,2018,NULL,NULL,SB,AA,AA
케이씨씨글라스,344820,비금속광물,2019,NULL,NULL,SB,AA,AA
케이씨씨글라스,344820,비금속광물,2020,NULL,NULL,SB,AA-,AA-
케이씨씨글라스,344820,비금속광물,2021,NULL,NULL,SB,AA-,AA-
케이씨씨글라스,344820,비금속광물,2022,NULL,NULL,SB,AA-,AA-
케이티,30200,통신업,2018,SB,AAA,SB,AAA,AAA
케이티,30200,통신업,2019,SB,AAA,SB,AAA,AAA
케이티,30200,통신업,2020,SB,AAA,SB,AAA,AAA
케이티,30200,통신업,2021,SB,AAA,SB,AAA,AAA
케이티,30200,통신업,2022,SB,AAA,SB,AAA,AAA
케이티스카이라이프,53210,서비스업,2020,SB,AA-,SB,AA-,AA-
케이티스카이라이프,53210,서비스업,2021,SB,AA-,SB,AA-,AA-
케이티스카이라이프,53210,서비스업,2022,SB,AA-,SB,AA-,AA-
코스맥스,192820,화학,2021,PP,BBB+,NULL,NULL,BBB
코스맥스,192820,화학,2022,PP,BBB+,NULL,NULL,BBB
코스모화학,5420,화학,2020,NULL,NULL,BW,BB+,JB
코오롱,2020,기타금융,2020,NULL,NULL,SB,BBB+,BBB
코오롱,2020,기타금융,2021,NULL,NULL,SB,BBB+,BBB
코오롱,2020,기타금융,2022,NULL,NULL,SB,BBB+,BBB
코오롱인더,120110,화학,2018,NULL,NULL,SB,A,A
코오롱인더,120110,화학,2020,NULL,NULL,SB,A,A
코오롱인더,120110,화학,2021,NULL,NULL,SB,A,A
코오롱인더,120110,화학,2022,NULL,NULL,SB,A,A
코웨이,21240,서비스업,2020,SB,AA-,SB,AA-,AA-
코웨이,21240,서비스업,2021,SB,AA-,SB,AA-,AA-
코웨이,21240,서비스업,2022,SB,AA-,SB,AA-,AA-
콘텐트리중앙,36420,서비스업,2021,SB,BBB,NULL,NULL,BBB
콘텐트리중앙,36420,서비스업,2022,SB,BBB,NULL,NULL,BBB
태양금속공업,4100,운수장비,2019,PP,BB-,NULL,NULL,JB
태양금속공업,4100,운수장비,2020,PP,B+,NULL,NULL,JB
태양금속공업,4100,운수장비,2021,PP,B+,NULL,NULL,JB
태양금속공업,4100,운수장비,2022,PP,B+,NULL,NULL,JB
태영건설,9410,건설업,2020,SB,A,SB,A,A
태영건설,9410,건설업,2021,SB,A,SB,A,A
태영건설,9410,건설업,2022,SB,A-,SB,A-,A-
태영건설,9410,건설업,2018,NULL,NULL,SB,A,A
태영건설,9410,건설업,2019,NULL,NULL,SB,A,A
팬오션,28670,운수창고업,2020,SB,A,NULL,NULL,A
팬오션,28670,운수창고업,2021,SB,A,NULL,NULL,A
팬오션,28670,운수창고업,2022,SB,A,NULL,NULL,A
페이퍼코리아,1020,종이목재,2018,NULL,NULL,CB,B-,JB
페이퍼코리아,1020,종이목재,2019,NULL,NULL,CB,B-,JB
페이퍼코리아,1020,종이목재,2020,NULL,NULL,CB,B-,JB
페이퍼코리아,1020,종이목재,2021,NULL,NULL,CB,B-,JB
페이퍼코리아,1020,종이목재,2022,NULL,NULL,CB,B-,JB
평화산업,90080,운수장비,2019,NULL,NULL,SB,BB-,JB
평화산업,90080,운수장비,2020,NULL,NULL,SB,BB-,JB
평화산업,90080,운수장비,2021,NULL,NULL,SB,B+,JB
포스코인터내셔널,47050,유통업,2018,SB,AA-,SB,AA-,AA-
포스코인터내셔널,47050,유통업,2019,SB,AA-,SB,AA-,AA-
포스코인터내셔널,47050,유통업,2020,SB,AA-,SB,AA-,AA-
포스코인터내셔널,47050,유통업,2021,SB,AA-,SB,AA-,AA-
포스코인터내셔널,47050,유통업,2022,SB,AA-,SB,AA-,AA-
포스코퓨처엠,3670,전기전자,2018,SB,AA-,SB,AA-,AA-
포스코퓨처엠,3670,전기전자,2019,SB,AA-,SB,AA-,AA-
포스코퓨처엠,3670,전기전자,2020,SB,AA-,SB,AA-,AA-
포스코퓨처엠,3670,전기전자,2021,SB,AA-,SB,AA-,AA-
포스코퓨처엠,3670,전기전자,2022,SB,AA-,SB,AA-,AA-
풀무원,17810,음식료품,2018,SSCB,BBB+,HB,BBB+,BBB
풀무원,17810,음식료품,2019,SBS,BBB+,HB,BBB+,BBB
풀무원,17810,음식료품,2020,SBS,BBB+,HB,BBB+,BBB
풀무원,17810,음식료품,2021,SBS,BBB+,HB,BBB+,BBB
풀무원,17810,음식료품,2022,SBS,BBB+,HB,BBB+,BBB
풍산,103140,철강금속,2018,NULL,NULL,SB,A,A
풍산,103140,철강금속,2019,NULL,NULL,SB,A,A
풍산,103140,철강금속,2020,NULL,NULL,SB,A,A
풍산,103140,철강금속,2021,NULL,NULL,SB,A+,A+
풍산,103140,철강금속,2022,NULL,NULL,SB,A+,A+
하이트진로,80,음식료품,2018,SB,A,SB,A,A
하이트진로,80,음식료품,2019,SB,A,SB,A,A
하이트진로,80,음식료품,2020,SB,A,SB,A,A
하이트진로,80,음식료품,2021,SB,A+,SB,A+,A+
하이트진로,80,음식료품,2022,SB,A+,SB,A+,A+
하이트진로홀딩스,140,기타금융,2018,NULL,NULL,SB,A-,A-
하이트진로홀딩스,140,기타금융,2019,NULL,NULL,SB,A-,A-
하이트진로홀딩스,140,기타금융,2020,NULL,NULL,SB,A-,A-
하이트진로홀딩스,140,기타금융,2021,NULL,NULL,SB,A,A
하이트진로홀딩스,140,기타금융,2022,NULL,NULL,SB,A,A
한국가스공사,36460,전기가스업,2018,PFB,AAA,SB,AAA,AAA
한국가스공사,36460,전기가스업,2019,PFB,AAA,SB,AAA,AAA
한국가스공사,36460,전기가스업,2020,HB,AA+,SB,AAA,AA+
한국가스공사,36460,전기가스업,2021,PFB,AAA,SB,AAA,AAA
한국가스공사,36460,전기가스업,2022,PFB,AAA,SB,AAA,AAA
한국전력공사,15760,전기가스업,2018,PFB,AAA,SB,AAA,AAA
한국전력공사,15760,전기가스업,2019,PFB,AAA,SB,AAA,AAA
한국전력공사,15760,전기가스업,2020,PFB,AAA,SB,AAA,AAA
한국전력공사,15760,전기가스업,2021,PFB,AAA,SB,AAA,AAA
한국전력공사,15760,전기가스업,2022,PFB,AAA,SB,AAA,AAA
한국콜마,161890,화학,2018,NULL,NULL,SB,A-,A-
한국콜마,161890,화학,2019,NULL,NULL,SB,A-,A-
한국콜마,161890,화학,2020,NULL,NULL,SB,A-,A-
한국콜마,161890,화학,2021,NULL,NULL,SB,A,A
한국콜마,161890,화학,2022,NULL,NULL,SB,A,A
한국타이어앤테크놀로지,161390,화학,2019,SB,AA,NULL,NULL,AA
한국타이어앤테크놀로지,161390,화학,2020,SB,AA,NULL,NULL,AA
한국타이어앤테크놀로지,161390,화학,2021,SB,AA,NULL,NULL,AA
한국타이어앤테크놀로지,161390,화학,2022,SB,AA,NULL,NULL,AA
한독,2390,의약품,2022,PP,BBB+,NULL,NULL,BBB
한독,2390,의약품,2018,NULL,NULL,SB,BBB+,BBB
한독,2390,의약품,2019,NULL,NULL,SB,BBB+,BBB
한미약품,128940,의약품,2018,SB,A+,SB,A+,A+
한미약품,128940,의약품,2019,SB,A,SB,A,A
한미약품,128940,의약품,2020,SB,A,SB,A,A
한미약품,128940,의약품,2021,SB,A,SB,A,A
한미약품,128940,의약품,2022,SB,A,SB,A,A
한세실업,105630,섬유의복,2019,NULL,NULL,SB,BBB,BBB
한세실업,105630,섬유의복,2020,NULL,NULL,SB,BBB,BBB
한세실업,105630,섬유의복,2021,NULL,NULL,SB,BBB,BBB
한세실업,105630,섬유의복,2022,NULL,NULL,SB,BBB,BBB
한세엠케이,69640,유통업,2021,NULL,NULL,SB,BB,JB
한솔제지,213500,종이목재,2018,NULL,NULL,SB,A,A
한솔제지,213500,종이목재,2019,NULL,NULL,SB,A,A
한솔제지,213500,종이목재,2020,NULL,NULL,SB,A,A
한솔제지,213500,종이목재,2021,NULL,NULL,SB,A,A
한솔케미칼,14680,화학,2018,SB,A,SB,A,A
한솔케미칼,14680,화학,2019,SB,A,SB,A,A
한솔케미칼,14680,화학,2020,SB,A+,SB,A+,A+
한솔케미칼,14680,화학,2021,SB,A+,SB,A+,A+
한솔케미칼,14680,화학,2022,SB,A+,SB,A+,A+
한솔테크닉스,4710,전기전자,2018,NULL,NULL,SB,BBB+,BBB
한솔테크닉스,4710,전기전자,2019,NULL,NULL,SB,BBB+,BBB
한솔테크닉스,4710,전기전자,2020,NULL,NULL,SB,BBB+,BBB
한솔테크닉스,4710,전기전자,2021,NULL,NULL,SB,BBB+,BBB
한솔테크닉스,4710,전기전자,2022,NULL,NULL,SB,BBB+,BBB
한솔홈데코,25750,종이목재,2022,PP,BBB,NULL,NULL,BBB
한솔홈데코,25750,종이목재,2019,NULL,NULL,SB,BBB,BBB
한솔홈데코,25750,종이목재,2020,NULL,NULL,SB,BBB,BBB
한솔홈데코,25750,종이목재,2021,NULL,NULL,SB,BBB,BBB
한신공영,4960,건설업,2021,SB,BBB,NULL,NULL,BBB
한신공영,4960,건설업,2022,SB,BBB-,NULL,NULL,BBB
한온시스템,18880,기계,2020,SB,AA,SB,AA,AA
한온시스템,18880,기계,2021,SB,AA-,SB,AA-,AA-
한온시스템,18880,기계,2018,SB,AA,NULL,NULL,AA
한온시스템,18880,기계,2019,SB,AA,NULL,NULL,AA
한온시스템,18880,기계,2022,SB,AA-,NULL,NULL,AA-
한일시멘트,300720,비금속광물,2022,SB,A+,NULL,NULL,A+
한일시멘트,300720,비금속광물,2018,NULL,NULL,SB,A+,A+
한일시멘트,300720,비금속광물,2019,NULL,NULL,SB,A+,A+
한일시멘트,300720,비금속광물,2020,NULL,NULL,SB,A+,A+
한일시멘트,300720,비금속광물,2021,NULL,NULL,SB,A+,A+
한일홀딩스,3300,비금속광물,2018,NULL,NULL,SB,A+,A+
한일홀딩스,3300,비금속광물,2019,NULL,NULL,SB,A+,A+
한일홀딩스,3300,비금속광물,2020,NULL,NULL,SB,A+,A+
한일홀딩스,3300,비금속광물,2021,NULL,NULL,SB,A+,A+
한진,2320,운수창고업,2019,SB,BBB+,SB,BBB+,BBB
한진,2320,운수창고업,2020,SB,BBB+,SB,BBB+,BBB
한진,2320,운수창고업,2021,SB,BBB+,SB,BBB+,BBB
한진,2320,운수창고업,2022,SB,BBB+,SB,BBB+,BBB
한진,2320,운수창고업,2018,NULL,NULL,SB,BBB+,BBB
한진칼,180640,운수창고업,2021,SB,BBB,NULL,NULL,BBB
한진칼,180640,운수창고업,2022,SB,BBB,NULL,NULL,BBB
한창,5110,유통업,2020,NULL,NULL,BW,B-,JB
한창,5110,유통업,2021,NULL,NULL,BW,B-,JB
한창,5110,유통업,2022,NULL,NULL,BW,B-,JB
한화,880,화학,2021,SB,A+,SB,A+,A+
한화,880,화학,2022,SB,A+,SB,A+,A+
한화,880,화학,2018,NULL,NULL,SB,A+,A+
한화,880,화학,2019,NULL,NULL,SB,A+,A+
한화,880,화학,2020,NULL,NULL,SB,A+,A+
한화시스템,272210,전기전자,2018,PP,AA-,SB,AA-,AA-
한화시스템,272210,전기전자,2019,PP,AA-,SB,AA-,AA-
한화시스템,272210,전기전자,2020,PP,AA-,NULL,NULL,AA-
한화시스템,272210,전기전자,2021,PP,AA-,NULL,NULL,AA-
한화시스템,272210,전기전자,2022,PP,AA-,NULL,NULL,AA-
한화에어로스페이스,12450,운수장비,2018,NULL,NULL,SB,AA-,AA-
한화에어로스페이스,12450,운수장비,2019,NULL,NULL,SB,AA-,AA-
한화에어로스페이스,12450,운수장비,2020,NULL,NULL,SB,AA-,AA-
한화에어로스페이스,12450,운수장비,2021,NULL,NULL,SB,AA-,AA-
한화에어로스페이스,12450,운수장비,2022,NULL,NULL,SB,AA-,AA-
해태제과식품,101530,음식료품,2021,SB,A,SB,A,A
해태제과식품,101530,음식료품,2022,SB,A,SB,A,A
해태제과식품,101530,음식료품,2020,SB,A,NULL,NULL,A
해태제과식품,101530,음식료품,2018,NULL,NULL,SB,A,A
해태제과식품,101530,음식료품,2019,NULL,NULL,SB,A,A
핸즈코퍼레이션,143210,운수장비,2022,BW1,B,BW,BB-,JB
현대건설,720,건설업,2018,SB,AA-,SB,AA-,AA-
현대건설,720,건설업,2019,SB,AA-,SB,AA-,AA-
현대건설,720,건설업,2020,SB,AA-,SB,AA-,AA-
현대건설,720,건설업,2021,SB,AA-,SB,AA-,AA-
현대건설,720,건설업,2022,SB,AA-,SB,AA-,AA-
현대글로비스,86280,운수창고업,2019,NULL,NULL,SB,AA,AA
현대글로비스,86280,운수창고업,2020,NULL,NULL,SB,AA,AA
현대글로비스,86280,운수창고업,2021,NULL,NULL,SB,AA,AA
현대글로비스,86280,운수창고업,2022,NULL,NULL,SB,AA,AA
현대로템,64350,운수장비,2018,NULL,NULL,SB,A-,A-
현대로템,64350,운수장비,2020,NULL,NULL,SB,BBB+,BBB
현대로템,64350,운수장비,2021,NULL,NULL,SB,A-,A-
현대로템,64350,운수장비,2022,NULL,NULL,SB,A-,A-
현대모비스,12330,운수장비,2020,SB,AA+,SB,AA+,AA+
현대모비스,12330,운수장비,2021,SB,AA+,SB,AA+,AA+
현대모비스,12330,운수장비,2022,SB,AA+,SB,AA+,AA+
현대백화점,69960,유통업,2020,SB,AA+,SB,AA+,AA+
현대백화점,69960,유통업,2021,SB,AA+,SB,AA+,AA+
현대백화점,69960,유통업,2022,SB,AA+,SB,AA+,AA+
현대백화점,69960,유통업,2019,NULL,NULL,SB,AA+,AA+
현대비앤지스틸,4560,철강금속,2020,SB,A,SB,A,A
현대비앤지스틸,4560,철강금속,2021,SB,A,SB,A,A
현대비앤지스틸,4560,철강금속,2022,SB,A,NULL,NULL,A
현대엘리베이터,17800,기계,2018,NULL,NULL,SB,A,A
현대엘리베이터,17800,기계,2019,NULL,NULL,SB,A,A
현대엘리베이터,17800,기계,2020,NULL,NULL,SB,A,A
현대엘리베이터,17800,기계,2021,NULL,NULL,SB,A,A
현대엘리베이터,17800,기계,2022,NULL,NULL,SB,A,A
현대오토에버,307950,서비스업,2020,NULL,NULL,SB,AA-,AA-
현대오토에버,307950,서비스업,2021,NULL,NULL,SB,AA-,AA-
현대오토에버,307950,서비스업,2022,NULL,NULL,SB,AA-,AA-
현대위아,11210,운수장비,2018,SB,AA-,SB,AA-,AA-
현대위아,11210,운수장비,2019,SB,AA-,SB,AA-,AA-
현대위아,11210,운수장비,2020,SB,AA-,SB,AA-,AA-
현대위아,11210,운수장비,2021,SB,AA-,SB,AA-,AA-
현대위아,11210,운수장비,2022,SB,AA-,SB,AA-,AA-
현대자동차,5380,운수장비,2020,SB,AA+,SB,AA+,AA+
현대자동차,5380,운수장비,2021,SB,AA+,SB,AA+,AA+
현대자동차,5380,운수장비,2022,SB,AA+,NULL,NULL,AA+
현대자동차,5380,운수장비,2019,NULL,NULL,SB,AA+,AA+
현대제철,4020,철강금속,2018,SB,AA,SB,AA,AA
현대제철,4020,철강금속,2019,SB,AA,SB,AA,AA
현대제철,4020,철강금속,2020,SB,AA,SB,AA,AA
현대제철,4020,철강금속,2021,SB,AA,SB,AA,AA
현대제철,4020,철강금속,2022,SB,AA,NULL,NULL,AA
현대코퍼레이션,11760,유통업,2018,NULL,NULL,SB,A-,A-
현대코퍼레이션,11760,유통업,2019,NULL,NULL,SB,A-,A-
현대코퍼레이션,11760,유통업,2020,NULL,NULL,SB,A-,A-
현대코퍼레이션,11760,유통업,2021,NULL,NULL,SB,A-,A-
현대코퍼레이션,11760,유통업,2022,NULL,NULL,SB,A-,A-
호텔신라,8770,유통업,2019,SB,AA-,SB,AA-,AA-
호텔신라,8770,유통업,2020,SB,AA-,SB,AA-,AA-
호텔신라,8770,유통업,2021,SB,AA-,SB,AA-,AA-
호텔신라,8770,유통업,2022,SB,AA-,SB,AA-,AA-
호텔신라,8770,유통업,2018,NULL,NULL,SB,AA,AA
화신,10690,운수장비,2018,NULL,NULL,SB,BBB,BBB
화신,10690,운수장비,2019,NULL,NULL,SB,BBB,BBB
화신,10690,운수장비,2020,NULL,NULL,EB,BBB,BBB
화신,10690,운수장비,2021,NULL,NULL,SB,BBB,BBB
화신,10690,운수장비,2022,NULL,NULL,SB,BBB,BBB
효성중공업,298040,전기전자,2018,SB,A,SB,A,A
효성중공업,298040,전기전자,2019,SB,A,SB,A,A
효성중공업,298040,전기전자,2021,SB,A,SB,A,A
효성중공업,298040,전기전자,2022,SB,A,SB,A,A
효성중공업,298040,전기전자,2020,SB,A,NULL,NULL,A
효성첨단소재,298050,화학,2019,SB,A,SB,A+,A
효성첨단소재,298050,화학,2020,SB,A,SB,A,A
효성첨단소재,298050,화학,2021,SB,A,SB,A,A
효성첨단소재,298050,화학,2022,SB,A,SB,A,A
효성첨단소재,298050,화학,2018,NULL,NULL,SB,A+,A+
효성화학,298000,화학,2018,SB,A,SB,A,A
효성화학,298000,화학,2019,SB,A,SB,A+,A
효성화학,298000,화학,2020,SB,A,SB,A,A
효성화학,298000,화학,2021,SB,A,SB,A,A
효성화학,298000,화학,2022,SB,A-,SB,A-,A-
휴비스,79980,화학,2018,NULL,NULL,SB,A-,A-
휴비스,79980,화학,2019,NULL,NULL,SB,A-,A-
휴비스,79980,화학,2020,NULL,NULL,SB,A-,A-
휴비스,79980,화학,2021,NULL,NULL,SB,A-,A-
흥아해운,3280,운수창고업,2018,NULL,NULL,CB,B-,JB
흥아해운,3280,운수창고업,2019,NULL,NULL,CB,CCC,JB
흥아해운,3280,운수창고업,2020,NULL,NULL,CB,CCC,JB
한일현대시멘트,6390,NULL,2022,PP,A,SB,A,A
동원금속,18500,NULL,2018,NULL,NULL,SB,B+,JB
동원금속,18500,NULL,2019,NULL,NULL,SB,B+,JB
동원금속,18500,NULL,2020,NULL,NULL,SB,B+,JB
형지엘리트,93240,NULL,2022,NULL,NULL,SB,B+,JB
신영증권,1720,NULL,2018,NULL,NULL,DLB,AA-,AA-
신영증권,1720,NULL,2019,NULL,NULL,DLB,AA-,AA-
신영증권,1720,NULL,2020,NULL,NULL,ELB,AA-,AA-
신영증권,1720,NULL,2021,NULL,NULL,ELB,AA-,AA-
신영증권,1720,NULL,2022,NULL,NULL,ELB,AA-,AA-
한국토지신탁,34830,NULL,2020,SB,A,NULL,NULL,A
한국토지신탁,34830,NULL,2021,SB,A,NULL,NULL,A
한국토지신탁,34830,NULL,2022,SB,A,NULL,NULL,A
현대차증권,1500,NULL,2018,SBS,A,SB,A,A
현대차증권,1500,NULL,2019,SBS,A+,ELB,A+,A+
현대차증권,1500,NULL,2020,ELB,AA-,ELB,AA-,AA-
현대차증권,1500,NULL,2021,ELB,AA-,ELB,AA-,AA-
현대차증권,1500,NULL,2022,ELB,AA-,SB,A+,A+
예스코홀딩스,15360,NULL,2018,NULL,NULL,SB,AA,AA
예스코홀딩스,15360,NULL,2019,NULL,NULL,SB,AA,AA
예스코홀딩스,15360,NULL,2020,NULL,NULL,SB,AA-,AA-
예스코홀딩스,15360,NULL,2021,NULL,NULL,SB,AA-,AA-
예스코홀딩스,15360,NULL,2022,NULL,NULL,SB,AA-,AA-
두산퓨얼셀,336260,NULL,2020,SB,BBB,SB,BBB,BBB
두산퓨얼셀,336260,NULL,2021,SB,BBB,SB,BBB,BBB
두산퓨얼셀,336260,NULL,2022,SB,BBB,SB,BBB,BBB
두산퓨얼셀,336260,NULL,2018,NULL,NULL,SB,BBB+,BBB
두산퓨얼셀,336260,NULL,2019,NULL,NULL,SB,BBB,BBB
메리츠금융지주,138040,NULL,2018,SB,AA,SB,AA,AA
메리츠금융지주,138040,NULL,2019,HB,A+,HB,A+,A+
메리츠금융지주,138040,NULL,2020,SB,AA,SB,AA,AA
메리츠금융지주,138040,NULL,2021,SB,AA,SB,AA,AA
메리츠금융지주,138040,NULL,2022,SB,AA,HB,A+,A+
KB금융,105560,NULL,2018,NULL,NULL,SB,AAA,AAA
KB금융,105560,NULL,2019,NULL,NULL,SB,AAA,AAA
KB금융,105560,NULL,2020,NULL,NULL,HB,AA-,AA-
KB금융,105560,NULL,2021,NULL,NULL,HB,AA-,AA-
KB금융,105560,NULL,2022,NULL,NULL,SB,AAA,AAA
DL건설,1880,NULL,2020,SB,A-,NULL,NULL,A-
DL건설,1880,NULL,2021,SB,A-,NULL,NULL,A-
DL건설,1880,NULL,2022,SB,A-,NULL,NULL,A-
키움증권,39490,NULL,2019,SBS,A+,DLB,AA-,A+
키움증권,39490,NULL,2020,DLB,AA-,ELB,AA-,AA-
키움증권,39490,NULL,2021,DLB,AA-,ELB,AA-,AA-
키움증권,39490,NULL,2022,ELB,AA-,SB,AA-,AA-
키움증권,39490,NULL,2018,NULL,NULL,DLB,AA-,AA-
부산주공,5030,NULL,2018,NULL,NULL,CB,B+,JB
부산주공,5030,NULL,2019,NULL,NULL,CB,B,JB
롯데손해보험,400,NULL,2018,SBS,A-,SB,A-,A-
롯데손해보험,400,NULL,2019,SBS,A-,NULL,NULL,A-
롯데손해보험,400,NULL,2020,HB,BBB+,NULL,NULL,BBB
롯데손해보험,400,NULL,2021,SBS,A-,NULL,NULL,A-
롯데손해보험,400,NULL,2022,SBS,A-,NULL,NULL,A-
유안타증권,3470,NULL,2021,SB,AA-,DLB,AA-,AA-
유안타증권,3470,NULL,2022,SB,AA-,SB,AA-,AA-
유안타증권,3470,NULL,2018,NULL,NULL,ELB,A+,A+
유안타증권,3470,NULL,2019,NULL,NULL,ELB,A+,A+
유안타증권,3470,NULL,2020,NULL,NULL,DLB,A+,A+
SK증권,1510,NULL,2021,DLB,A,ELB,A,A
SK증권,1510,NULL,2022,ELB,A,DLB,A,A
SK증권,1510,NULL,2018,NULL,NULL,SB,A,A
SK증권,1510,NULL,2019,NULL,NULL,SB,A-,A-
SK증권,1510,NULL,2020,NULL,NULL,ELB,A,A
대신증권,3540,NULL,2018,SB,AA-,ELB,AA-,AA-
대신증권,3540,NULL,2019,SB,AA-,ELB,AA-,AA-
대신증권,3540,NULL,2020,SB,AA-,ELB,AA-,AA-
대신증권,3540,NULL,2021,ELB,AA-,ELB,AA-,AA-
대신증권,3540,NULL,2022,ELB,AA-,ELB,AA-,AA-
DB손해보험,5830,NULL,2020,SBS,AA+,SB,AA,AA
DB손해보험,5830,NULL,2021,SBS,AA+,SB,AA,AA
DB손해보험,5830,NULL,2022,SBS,AA+,SB,AA,AA
DB손해보험,5830,NULL,2018,SBS,AA+,NULL,NULL,AA+
DB손해보험,5830,NULL,2019,SBS,AA+,NULL,NULL,AA+
DGB금융지주,139130,NULL,2022,COCOT1,AA-,HB,AA-,AA-
DGB금융지주,139130,NULL,2018,NULL,NULL,SB,AAA,AAA
DGB금융지주,139130,NULL,2019,NULL,NULL,HB,AA-,AA-
DGB금융지주,139130,NULL,2020,NULL,NULL,SB,AAA,AAA
DGB금융지주,139130,NULL,2021,NULL,NULL,HB,AA-,AA-
세아제강,306200,NULL,2019,SB,A+,SB,A+,A+
세아제강,306200,NULL,2020,SB,A+,SB,A+,A+
세아제강,306200,NULL,2021,SB,A+,SB,A+,A+
세아제강,306200,NULL,2022,SB,A+,SB,A+,A+
세아제강,306200,NULL,2018,NULL,NULL,SB,A+,A+
삼성증권,16360,NULL,2019,SB,AA+,DLB,AA+,AA+
삼성증권,16360,NULL,2020,SB,AA+,DLB,AA+,AA+
삼성증권,16360,NULL,2021,SB,AA+,ELB,AA+,AA+
삼성증권,16360,NULL,2022,SB,AA+,ELB,AA+,AA+
삼성증권,16360,NULL,2018,NULL,NULL,DLB,AA+,AA+
삼성카드,29780,NULL,2018,SB,AA+,SB,AA+,AA+
삼성카드,29780,NULL,2019,SB,AA+,SB,AA+,AA+
삼성카드,29780,NULL,2020,SB,AA+,SB,AA+,AA+
삼성카드,29780,NULL,2021,SB,AA+,SB,AA+,AA+
삼성카드,29780,NULL,2022,SB,AA+,SB,AA+,AA+
미래에셋증권,6800,NULL,2018,SBS,AA-,ELB,AA,AA-
미래에셋증권,6800,NULL,2019,ELB,AA,ELB,AA,AA
미래에셋증권,6800,NULL,2020,ELB,AA,SB,AA,AA
미래에셋증권,6800,NULL,2021,SB,AA,SB,AA,AA
미래에셋증권,6800,NULL,2022,ELB,AA,SB,AA,AA
JB금융지주,175330,NULL,2018,COCOT2,AA-,SB,AA-,AA-
JB금융지주,175330,NULL,2019,SB,AA+,SB,AA+,AA+
JB금융지주,175330,NULL,2020,COCOT2,AA-,HB,A+,A+
JB금융지주,175330,NULL,2021,SB,AA+,SB,AA+,AA+
JB금융지주,175330,NULL,2022,COCOT1,A+,HB,A+,A+
한국자산신탁,123890,NULL,2021,SB,A-,SB,A,A-
한국자산신탁,123890,NULL,2022,SB,A-,SB,A,A-
교보증권,30610,NULL,2018,SB,A+,DLB,A+,A+
교보증권,30610,NULL,2019,ELB,AA-,DLB,AA-,AA-
교보증권,30610,NULL,2021,ELB,AA-,SB,AA-,AA-
교보증권,30610,NULL,2022,SB,AA-,SB,AA-,AA-
교보증권,30610,NULL,2020,SB,AA-,NULL,NULL,AA-
제주은행,6220,NULL,2018,COCOT2,AA-,NULL,NULL,AA-
제주은행,6220,NULL,2019,COCOT2,AA-,NULL,NULL,AA-
제주은행,6220,NULL,2020,COCOT2,AA-,NULL,NULL,AA-
제주은행,6220,NULL,2021,COCOT1,A+,NULL,NULL,A+
제주은행,6220,NULL,2022,COCOT1,A+,NULL,NULL,A+
하나금융지주,86790,NULL,2018,SB,AAA,SB,AAA,AAA
하나금융지주,86790,NULL,2019,SB,AAA,SB,AAA,AAA
하나금융지주,86790,NULL,2020,COCOT1,AA-,HB,AA-,AA-
하나금융지주,86790,NULL,2021,SB,AAA,SB,AAA,AAA
하나금융지주,86790,NULL,2022,SB,AAA,SB,AA,AA
NH투자증권,5940,NULL,2018,SB,AA+,ELB,AA+,AA+
NH투자증권,5940,NULL,2019,SB,AA+,ELB,AA+,AA+
NH투자증권,5940,NULL,2020,SB,AA+,ELB,AA+,AA+
NH투자증권,5940,NULL,2021,SB,AA+,ELB,AA+,AA+
NH투자증권,5940,NULL,2022,SB,AA+,SB,AA+,AA+
한화손해보험,370,NULL,2018,NULL,NULL,SB,AA-,AA-
한화손해보험,370,NULL,2020,NULL,NULL,SB,AA-,AA-
한화손해보험,370,NULL,2021,NULL,NULL,HB,A+,A+
한화손해보험,370,NULL,2022,NULL,NULL,HB,A+,A+
한화투자증권,3530,NULL,2018,SB,A+,SB,A,A
한화투자증권,3530,NULL,2019,SB,A+,SB,A,A
한화투자증권,3530,NULL,2020,SB,A+,SB,A,A
한화투자증권,3530,NULL,2021,ELB,AA-,NULL,NULL,AA-
한화투자증권,3530,NULL,2022,ELB,AA-,NULL,NULL,AA-
다올투자증권,30210,NULL,2020,NULL,NULL,SB,BBB+,BBB
다올투자증권,30210,NULL,2021,NULL,NULL,ELB,A,A
다올투자증권,30210,NULL,2022,NULL,NULL,SB,A-,A-
티케이지휴켐스,69260,NULL,2018,NULL,NULL,SB,A+,A+
티케이지휴켐스,69260,NULL,2019,NULL,NULL,SB,A+,A+
티케이지휴켐스,69260,NULL,2020,NULL,NULL,SB,A+,A+
티케이지휴켐스,69260,NULL,2021,NULL,NULL,SB,A+,A+
우리금융지주,316140,NULL,2018,COCOT2,AA,SB,AA,AA
우리금융지주,316140,NULL,2019,COCOT1,AA-,HB,AA-,AA-
우리금융지주,316140,NULL,2020,COCOT1,AA-,HB,AA-,AA-
우리금융지주,316140,NULL,2021,COCOT1,AA-,HB,AA-,AA-
우리금융지주,316140,NULL,2022,SB,AAA,SB,AAA,AAA
DB금융투자,16610,NULL,2018,NULL,NULL,ELB,A,A
DB금융투자,16610,NULL,2019,NULL,NULL,ELB,A+,A+
DB금융투자,16610,NULL,2020,NULL,NULL,ELB,A+,A+
DB금융투자,16610,NULL,2021,NULL,NULL,ELB,A+,A+
DB금융투자,16610,NULL,2022,NULL,NULL,ELB,A+,A+
티웨이홀딩스,4870,NULL,2019,BW1,BB-,BW,B-,JB
티웨이홀딩스,4870,NULL,2020,BW1,B,BW,B-,JB
티웨이홀딩스,4870,NULL,2021,BW1,B,BW,B-,JB
티웨이홀딩스,4870,NULL,2022,BW1,B,BW,B-,JB
OCI,456040,NULL,2022,NULL,NULL,SB,A+,A+
한화솔루션,9830,NULL,2018,NULL,NULL,SB,AA-,AA-
한화솔루션,9830,NULL,2019,NULL,NULL,SB,AA-,AA-
한화솔루션,9830,NULL,2020,NULL,NULL,SB,AA-,AA-
한화솔루션,9830,NULL,2021,NULL,NULL,SB,AA-,AA-
한화솔루션,9830,NULL,2022,NULL,NULL,SB,AA-,AA-
롯데하이마트,71840,NULL,2020,SB,AA-,SB,AA-,AA-
롯데하이마트,71840,NULL,2021,SB,AA-,SB,AA-,AA-
롯데하이마트,71840,NULL,2022,SB,AA-,SB,AA-,AA-
롯데하이마트,71840,NULL,2018,NULL,NULL,SB,AA-,AA-
롯데하이마트,71840,NULL,2019,NULL,NULL,SB,AA-,AA-
BNK금융지주,138930,NULL,2018,COCOT1,AA-,HB,AA-,AA-
BNK금융지주,138930,NULL,2019,SB,AAA,SB,AAA,AAA
BNK금융지주,138930,NULL,2020,SB,AAA,SB,AAA,AAA
BNK금융지주,138930,NULL,2021,SB,AAA,SB,AAA,AAA
BNK금융지주,138930,NULL,2022,COCOT1,AA-,SB,AAA,AA-
신세계건설,34300,NULL,2022,SB,A,NULL,NULL,A
