id,corp,stock_code,sector,main_product,listing_date,settlement_month,representative_name,homepage,region,rank,predicted_rank
1,AJ네트웍스,95570,"산업용 기계 및 장비 임대업","렌탈(파렛트, OA장비, 건설장비)",2015-08-21,12월,손삼달,http://www.ajnet.co.kr,서울특별시,BBB,NULL
2,CJ,1040,"기타 금융업",지주회사,1973-06-29,12월,"손경식, 김홍기",http://www.cj.net,서울특별시,AA-,NULL
3,CJ대한통운,120,"도로 화물 운송업","Contract Logistics, 포워딩, 항만하역, 해운, 택배국제특송, SCM Consulting",1956-07-02,12월,"강신호,민영학(각자대표)",http://www.cjlogistics.com,서울특별시,AA-,NULL
4,CJ제일제당,97950,"기타 식품 제조업","설탕,소맥분,조미식품,육가공식품(돈육,돼지비계,돼지식용설육),대두가공식품,사료,의약품,생활화학제품 제조,도매,무역/통신판매",2007-09-28,12월,"손경식, 최은석 (각자 대표이사)",http://www.cj.co.kr,서울특별시,AA,NULL
5,DL,210,"기초 화학물질 제조업",지주회사,1976-02-02,12월,김종현,http://www.dlholdings.co.kr,서울특별시,AA-,NULL
6,DL이앤씨,375500,"토목 건설업","토목 건설 사업",2021-01-25,12월,마창민,NULL,서울특별시,AA-,NULL
7,DN오토모티브,7340,"일차전지 및 축전지 제조업","자동차용 밧데리",1988-09-24,12월,"김상헌 김인환",http://www.dnautomotive.com,경상남도,A-,NULL
8,E1,17940,"기타 전문 도매업","LPG(프로판,부탄가스),가스기기판매",1997-08-27,12월,"구자용, 천정식 (각자 대표이사)",http://www.e1.co.kr,서울특별시,A+,NULL
9,GS,78930,"기타 금융업","지주회사/부동산 임대",2004-08-05,12월,"허태수, 홍순기 (각자 대표이사)",NULL,서울특별시,AA,NULL
10,GS건설,6360,"건물 건설업","토목공사,건축공사,주택공사,산업플랜트공사,리모델링공사,시설물유지관리공사/산업설비설계,감리 용역,수출입/에너지관리 진단,연구개발",1981-08-03,12월,"허창수, 임병용(각자 대표이사)",http://www.gsconst.co.kr/,서울특별시,A+,NULL
11,GS리테일,7070,"종합 소매업","체인화 편의점,슈퍼마켓,마트,전자상거래/부동산(빌딩) 임대",2011-12-23,12월,"허연수, 김호성",http://www.gsretail.com,서울특별시,AA,NULL
12,HDC,12630,"기타 금융업","토목공사,건축공사,아파트분양사업,재개발/재건축사업",1996-10-16,12월,"정몽규, 정경구",http://www.i-park.com,서울특별시,A,NULL
13,HDC현대EP,89470,"기타 화학제품 제조업","합성수지(PP컴파운딩가공,자동차범퍼,내장제) 제조,도소매",2006-09-25,12월,"정 중 규",http://www.hdc-hyundaiep.com/,충청남도,A-,NULL
14,HDC현대산업개발,294870,"건물 건설업","외주주택, 자체공사, 일반건축, 토목 등",2018-06-12,12월,"최익훈, 정익희, 김회언 (각자 대표이사)",http://www.hdc-dvp.com,서울특별시,A,NULL
15,HD현대,267250,"기타 금융업",지주회사,2017-05-10,12월,"권오갑, 정기선",http://www.hdhyundai.co.kr,경기도,A,NULL
16,HD현대건설기계,267270,"일반 목적용 기계 제조업","굴삭기, 지게차, 휠로더 등",2017-05-10,12월,최철곤,http://www.hd-hyundaice.com,경기도,A-,NULL
17,HD현대인프라코어,42670,"특수 목적용 기계 제조업","굴착기,엔진 제조,도소매",2001-02-02,12월,"조영철, 오승현",http://www.hd-infracore.com,인천광역시,A-,NULL
18,HD현대일렉트릭,267260,"전동기, 발전기 및 전기 변환 · 공급 · 제어 장치 제조업","변압기, 고압차단기, 회전기, 배전반 등",2017-05-10,12월,"조 석",http://www.hyundai-elec.com,경기도,A-,NULL
19,HD현대중공업,329180,"선박 및 보트 건조업","선박, 해양플랜트 및 엔진기계 등",2021-09-17,12월,"한영석, 이상균 (각자 대표이사)",http://www.hhi.co.kr,울산광역시,A-,NULL
20,HL만도,204320,"자동차 신품 부품 제조업","제동장치, 조향장치, 현가장치",2014-10-06,12월,"조성현, 김현욱 (각자대표)",http://www.mando.com,경기도,AA-,NULL
21,HL홀딩스,60980,"기타 금융업","지주회사 및 경영컨설팅 서비스업",2010-05-19,12월,"김광헌, 김준범",http://hlholdings.co.kr,경기도,A,NULL
22,JW홀딩스,96760,"기타 금융업","의약품 수출입업",2007-07-31,12월,"이경하, 한성권",http://jw-holdings.co.kr,경기도,BBB,NULL
23,LF,93050,"봉제의복 제조업","기성복, 의류, 잡화, 제조",2006-12-01,12월,"오규식, 김상균 (각자 대표이사)",http://www.lfcorp.com,서울특별시,AA-,NULL
24,LG디스플레이,34220,"전자부품 제조업","액정표시장치(TFT-LCD) 제조",2004-07-23,12월,정호영,http://www.lgdisplay.com,서울특별시,A,NULL
25,LG에너지솔루션,373220,"일차전지 및 축전지 제조업","2차전지 (소형,ESS,자동차전지)",2022-01-27,12월,권영수,NULL,서울특별시,AA,NULL
26,LG유플러스,32640,"전기 통신업","개인휴대통신서비스,음성서비스,데이터서비스,부가통신/단말기 도소매/프로그램 개발,자료제공",2008-04-21,12월,황현식,http://www.uplus.co.kr,서울특별시,AA,NULL
27,LG이노텍,11070,"전자부품 제조업","기타 전자부품 제조업",2008-07-24,12월,정철동,http://www.lginnotek.co.kr,서울특별시,AA-,NULL
28,LG전자,66570,"통신 및 방송 장비 제조업","이동통신단말기,C-TV,V.C.R.,컴퓨터,완전평면 TV,플라즈마 디스플레이 패널 TV,전자제품(세탁기외),CDMA(코드분할다중접속)이동통신,전자교환기,전송기기",2002-04-22,12월,"조주완, 배두용 (각자 대표이사)",http://www.lge.co.kr,서울특별시,AA,NULL
29,LG화학,51910,"기초 화학물질 제조업","유화/기능/합성수지,재생섬유소,산업재,리튬이온전지,평광판,PVC 제조,도매",2001-04-25,12월,신학철,http://www.lgchem.com,서울특별시,AA+,NULL
30,LIG넥스원,79550,"무기 및 총포탄 제조업","정밀유도무기 등",2015-10-02,12월,김지찬,http://www.lignex1.com,경기도,AA-,NULL
31,LS,6260,"기타 금융업","전력용전선,일반전선,통신케이블,동선,알루미늄선,공조기,프라스틱사출성형기 제조,도매",1977-06-30,12월,명노현,http://www.lsholdings.co.kr,서울특별시,A+,NULL
32,LS네트웍스,680,"상품 종합 도매업","혁화,의류,등산용품 도매,제조/부동산 임대",1973-11-15,12월,문성준,http://www.lsnetworks.co.kr,경상남도,BBB,NULL
33,LX인터내셔널,1120,"상품 중개업","전자,기계,화공,유류.금속,의류 수출입,도소매",1976-01-30,12월,윤춘성,http://www.lxinternational.co.kr,서울특별시,AA-,NULL
34,LX하우시스,108670,"플라스틱제품 제조업","창호재, 자동차부품 등",2009-04-20,12월,한명호,http://www.lxhausys.com,서울특별시,A+,NULL
35,SBS,34120,"텔레비전 방송업","TV,라디오방송,광고",2003-06-25,12월,박정훈(단독대표),http://www.sbs.co.kr,서울특별시,AA,NULL
36,SGC에너지,5090,전기업,"증기, 전기, REC(신재생에너지공급인증서)",1993-01-06,12월,"이우성, 박준영, 이복영",http://www.sgcenergy.co.kr,서울특별시,A+,NULL
37,SK,34730,"기타 금융업","지주회사, 시스템통합(SI), 정보통신사업 관련 컨설팅,조사용역,정보통신기술 연구개발/정보통신기기,소프트웨어 개발,도매",2009-11-11,12월,"최태원, 장동현",http://www.sk-inc.com/,서울특별시,AA+,NULL
38,SKC,11790,"기타 화학제품 제조업","폴리에스테르필름,합성수지,LCD용 필름 제조",1997-07-18,12월,박원철,http://www.skc.kr,경기도,A+,NULL
39,SK가스,18670,"기타 전문 도매업","액화석유가스,가스기기 판매,수입,저장",1997-08-27,12월,윤병석,http://www.skgas.co.kr/,경기도,AA-,NULL
40,SK네트웍스,1740,"기타 전문 도매업","정보통신 유통, 자동차 관리, 글로벌 트레이딩, 호텔&리조트",1977-06-30,12월,이호정,http://www.sknetworks.co.kr,경기도,AA-,NULL
41,SK디스커버리,6120,"기타 금융업","화섬사(폴리에스테르원사(폴리에스터F,폴리에스터SF),폴리에스터직물,아세테이트),석유화학부문(TPA,DMT),섬유원료,직물,BOTTLE용CHIP,접착제,폴리우레탄 제조,",1976-06-29,12월,"최창원, 전광현",http://www.skdiscovery.com,경기도,A+,NULL
42,SK디앤디,210980,"부동산 임대 및 공급업","비주거용 부동산개발 및 임대(오피스, 지식산업센터, 호텔 등)",2015-06-23,12월,김도현,http://www.skdnd.com,경기도,BBB,NULL
43,SK렌터카,68400,"운송장비 임대업","승용자동차 임대",2012-07-27,12월,황일문,http://https://company.skcarrental.com,서울특별시,A+,NULL
44,SK이노베이션,96770,"석유 정제품 제조업","석유정제,석유화학제품,윤활유제품,아스팔트제품,의약중간체 제조,판매,유전개발,대체에너지사업",2007-07-25,12월,김준,http://www.SKinnovation.com,서울특별시,AA,NULL
45,SK케미칼,285130,"합성고무 및 플라스틱 물질 제조업","PETG 수지, PET 수지, 바이오디젤, 백신",2018-01-05,12월,"김철, 안재현",http://www.skchemicals.com,경기도,A+,NULL
46,SK텔레콤,17670,"전기 통신업","이동전화,무선호출서비스,부가통신",1989-11-07,12월,유영상,http://www.sktelecom.com,서울특별시,AA+,NULL
47,SK하이닉스,660,"반도체 제조업","반도체,컴퓨터,통신기기 제조,도매",1996-12-26,12월,"박정호, 곽노정 (각자대표)",http://www.skhynix.com,경기도,AA,NULL
48,TCC스틸,2710,"1차 철강 제조업","석도강판,표면처리강판 제조,판매",1984-12-21,12월,"손봉락, 조석희, 손기영 (각자대표)",http://www.tccsteel.com,경상북도,JB,NULL
49,TYM,2900,"특수 목적용 기계 제조업","농기계,연초용필터,금속제양식기,철강압연 제조,도매,수출입/신문서적 수출입,판매",1973-06-26,12월,"김희용, 김도훈",http://tym.world,서울특별시,BBB,NULL
50,가온전선,500,"절연선 및 케이블 제조업","전력선,통신케이블 제조,도매,수출입",1987-06-08,12월,"정 현",http://www.gaoncable.com,경기도,A,NULL
51,광동제약,9290,"의약품 제조업","의약품,식음료 제조,도매",1989-11-17,12월,최성원,http://www.ekdp.com,서울특별시,A,NULL
52,국도화학,7690,"기초 화학물질 제조업","에폭시수지,폴리아마이드수지,아염소산소다 제조,도소매",1989-08-05,12월,"이시창, 허연진",http://www.kukdo.com,서울특별시,A+,NULL
53,국동,5320,"생활용품 도매업","셔츠,스웨터,파자마(섬유제품) 제조,판매,수출/부동산 임대",1996-12-24,12월,우혁주,http://www.kd.co.kr,서울특별시,JB,NULL
54,금양,1570,"기초 화학물질 제조업","발포제,사카린,OPTSA,베나졸,TCA 제조",1976-12-17,12월,류광지,http://www.kyc.co.kr,부산광역시,JB,NULL
55,금호석유화학,11780,"기초 화학물질 제조업","합성고무 SBR(스티렌부타디엔러버),BR(폴리부타디엔러버),합성수지,BD,라텍스 제조,도소매",1988-01-22,12월,백종훈,http://www.kkpc.com,서울특별시,A+,NULL
56,금호에이치티,214330,"자동차 신품 부품 제조업","자동차용 전구 및 LED모듈",2015-11-11,12월,"김진곤, 김두인(각자대표)",http://www.kumhoht.co.kr,광주광역시,JB,NULL
57,금호전기,1210,"전구 및 조명장치 제조업","형광등,백열전구,전구식현광등,실드빔(차량용전조) 제조,판매",1973-11-15,12월,이홍민,http://www.khe.co.kr,서울특별시,JB,NULL
58,깨끗한나라,4540,"펄프, 종이 및 판지 제조업","펄프,판지원지,화장지 제조,수출입",1975-06-25,12월,"최현수, 김민환",http://www.kleannara.com,서울특별시,BBB,NULL
59,넥센타이어,2350,"고무제품 제조업","타이어,후랩,고무제타이어(승용자동차용,래디알구조) 제조",1976-05-19,12월,"대표이사 회 장 강병중 대표이사 부회장 강호찬 대표이사 사 장 이현종",http://www.nexentire.com,경상남도,A,NULL
60,넷마블,251270,"소프트웨어 개발 및 공급업","온라인·모바일 게임 소프트웨어 개발 및 공급",2017-05-12,12월,"권영식, 도기욱(각자 대표집행임원)",http://company.netmarble.com,서울특별시,A+,NULL
61,녹십자,6280,"의약품 제조업","알부민외 제조,판매",1989-08-01,12월,허은철,http://www.gccorp.com,경기도,A+,NULL
62,녹십자홀딩스,5250,"회사 본부 및 경영 컨설팅 서비스업","알부민,유로키나제,간염백신,유행성출혈열백신 제조",1978-08-28,12월,"허일섭, 허용준",http://www.gccorp.com,경기도,A+,NULL
63,다우기술,23590,"자료처리, 호스팅, 포털 및 기타 인터넷 정보매개 서비스업","인터넷솔루션 개발,도매,IT컨설팅,시스템 설계,자문,인터넷관련서비스/부동산분양,개발,임대",1997-08-27,12월,김윤덕,http://www.daou.co.kr,경기도,A,NULL
64,대상,1680,"기타 식품 제조업","전분,라이신,물엿,과당,포도당,MSG및 사료,조미료,항생제,핵산,커피 제조,도매/토목공사,건축공사",1970-04-01,12월,임정배,http://www.daesang.co.kr,서울특별시,AA-,NULL
65,대상홀딩스,84690,"기타 금융업",지주회사,2005-08-17,12월,"임창욱, 최성수 각자대표이사",NULL,서울특별시,AA-,NULL
66,대성에너지,117580,"연료용 가스 제조 및 배관공급업",천연가스,2010-12-24,12월,"대표이사 김영훈 대표이사 윤홍식",http://www.daesungenergy.com,대구광역시,A+,NULL
67,대성홀딩스,16710,"회사 본부 및 경영 컨설팅 서비스업","도시가스,일반가스 공급/가스기기,차량용 연료 판매/해외자원개발,부동산 임대",1999-12-22,12월,"대표이사 김영훈 대표이사 김정주",http://www.daesung-holdings.com,대구광역시,A+,NULL
68,대우건설,47040,"건물 건설업","아파트건설,토목공사,건축공사,포장공사,전기공사,무역/중장비 대여",2001-03-23,12월,백정완,http://daewooenc.com,서울특별시,A,NULL
69,대웅제약,69620,"의약품 제조업","양약,의료기기 제조/화장품,의약부의품 도소매/부동산 임대",2002-11-01,12월,"전승호, 이창재",http://www.daewoong.co.kr,경기도,A+,NULL
70,대유에이텍,2880,"자동차 신품 부품 제조업","자동차부품(자동차용 시트)제조",1977-02-18,12월,권의경,http://www.dayouat.co.kr,광주광역시,JB,NULL
71,대유플러스,300,"통신 및 방송 장비 제조업","유,무선 통신장비",1975-06-09,12월,박상민,http://www.dayouplus.co.kr,광주광역시,JB,NULL
72,대한방직,1070,"직물직조 및 직물제품 제조업","면사,화섬사,면직물 제조,판매,건설",1973-12-28,12월,"설 범, 김 인호",http://www.thtc.co.kr,서울특별시,JB,NULL
73,대한제당,1790,"곡물가공품, 전분 및 전분제품 제조업","제당,가축용 배합사료,설탕,기능성감미료(자일로올리고당),외식산 제조,도소매/부동산 임대",1968-12-27,12월,강승우,http://www.ts.co.kr,인천광역시,A-,NULL
74,대한항공,3490,"항공 여객 운송업","여객운송,화물운송,항공기 제조,판매,정비수리/기내식 제조판매,면세품 판매",1966-03-18,12월,"조원태, 우기홍",http://www.koreanair.com,서울특별시,BBB,NULL
75,더블유게임즈,192080,"소프트웨어 개발 및 공급업",모바일게임,2019-03-12,12월,김가람,http://www.doubleugames.com,서울특별시,A,NULL
76,동아쏘시오홀딩스,640,"기타 금융업","의약품(피로회복제/박카스,병원용의약품),비의약품(의료기기,염모제,가글제) 제조,도소매/화장품 생산",1970-02-10,12월,정재훈,http://www.donga.co.kr,서울특별시,A,NULL
77,동아에스티,170900,"의약품 제조업","스티렌, 자이데나",2013-04-08,12월,김민영,http://www.donga.co.kr,서울특별시,A+,NULL
78,동원F&B,49770,"기타 식품 제조업","참치캔,음료,냉동식품 제조,판매",2000-11-23,12월,김성용,http://www.dongwonfnb.com,서울특별시,A+,NULL
79,동원산업,6040,"기타 금융업",지주회사,1989-03-07,12월,"박문서,민은홍",http://www.dongwon.com,서울특별시,AA-,NULL
80,동원시스템즈,14820,"플라스틱제품 제조업","포장용 플라스틱제품 제조 외",1994-03-29,12월,"장성학,조점근,서범원",http://dongwonsystems.com/,충청남도,A+,NULL
81,두산,150,"기타 금융업","동박적층판 등 제조 및 판매, 유압기기 등 제조 및 판매, 지게차 제조 및 판매, IT 시스템 개발/운영 서비스 등, 연료전지 등",1973-06-29,12월,"박정원, 김민철, 문홍성",http://www.doosancorp.co.kr,서울특별시,BBB,NULL
82,두산에너빌리티,34020,"일반 목적용 기계 제조업","기관,터어빈,선박용엔진,주단조품,제강제품 제조/종합건설",2000-10-25,12월,"박지원, 정연인, 박상현",http://https://www.doosanenerbility.com/kr,경상남도,BBB,NULL
83,롯데렌탈,89860,"운송장비 임대업","렌터카, 카셰어링(그린카), 중고차매매, 일반렌탈(측정기,OA, 리프트 등)",2021-08-19,12월,최진환,http://www.lotterental.com/,경기도,A+,NULL
84,롯데쇼핑,23530,"종합 소매업","백화점(의류,식품 및 잡화),할인점 운영/전자상거래",2006-02-09,12월,"김상현(김 사무엘 상현), 정준호, 강성현",http://www.lotteshoppingir.com/,서울특별시,AA-,NULL
85,롯데웰푸드,280360,"기타 식품 제조업","껌,캔디,초코,비스켓,빙과",2017-10-30,12월,"신동빈, 이영구, 이창엽",http://www.lottewellfood.com,서울특별시,AA,NULL
86,롯데지주,4990,"기타 금융업",지주회사,1974-02-16,12월,"신동빈,이동우",http://www.lotte.co.kr,서울특별시,AA-,NULL
87,롯데칠성음료,5300,"비알코올음료 및 얼음 제조업","청량음료,과채류음료,곡류음료,주류 제조,판매/자동차정비,연수원",1973-06-21,12월,"신동빈, 박윤기",http://company.lottechilsung.co.kr,서울특별시,AA,NULL
88,롯데케미칼,11170,"기초 화학물질 제조업","폴리프로필렌,고밀도폴리에틸렌,에틸렌글리콜,벤젠,에틸렌옥사이드,합성지,부산물 제조",1991-05-30,12월,"신동빈,김교현,이영준,황진구",http://www.lottechem.com,서울특별시,AA,NULL
89,마니커,27740,"도축, 육류 가공 및 저장 처리업","닭고기,햄,계육가공제품,계육,육가공제품 제조,판매,유통/양계관련사업/부동산임대/수출입대행",2002-10-29,12월,안정원,http://www.maniker.co.kr,경기도,JB,NULL
90,무림페이퍼,9200,"펄프, 종이 및 판지 제조업","지류,아트지,백상지 제조",1990-06-09,12월,이도균,http://www.moorim.co.kr,경상남도,A-,NULL
91,사조산업,7160,"어로 어업","원양어업(참치,명태,오징어),육가공,참치통조림,장류 제조/냉동냉장 창고운영/부동산 임대/컴퓨터,소프트웨어 개발,도매/팝콘,구운김 도매",1989-07-25,12월,"이창주, 김치곤 (각자대표)",http://www.sajo.co.kr,서울특별시,A-,NULL
92,삼성SDI,6400,"일차전지 및 축전지 제조업","2차전지, 전자재료 제조 판매",1979-02-27,12월,최윤호,http://www.samsungsdi.co.kr,경기도,AA,NULL
93,삼성물산,28260,"기타 전문 도매업","도소매, 건설, 남자용 정장 제조업 등",2014-12-18,12월,"고정석, 오세철, 정해린",http://www.samsungcnt.com,서울특별시,AA+,NULL
94,삼성바이오로직스,207940,"기초 의약물질 및 생물학적 제제 제조업",바이오의약품,2016-11-10,12월,"임존종보 (Rim John Chongbo)",http://www.samsungbiologics.com,인천광역시,AA-,NULL
95,삼양사,145990,"기타 식품 제조업",설탕,2011-12-05,12월,"최낙현, 강호성",http://www.samyangcorp.com,서울특별시,AA-,NULL
96,삼양식품,3230,"기타 식품 제조업","라면,스낵,유제품,장유,식용유,사료,향신료,건강음료(루이보스 티) 제조,도매",1975-06-30,12월,"김정수, 장재성",http://www.samyangfoods.com,서울특별시,A,NULL
97,삼양패키징,272550,"플라스틱제품 제조업","PET 용기 및 아셉틱 OEM",2017-11-29,12월,김재홍,http://www.samyangpackaging.co.kr/,서울특별시,A-,NULL
98,삼양홀딩스,70,"기타 금융업","지주회사,경영자문컨설팅",1968-12-27,12월,"엄태웅, 이영준",http://www.samyang.com,서울특별시,AA-,NULL
99,삼천리,4690,"연료용 가스 제조 및 배관공급업","도시가스 공급/부동산 임대",1976-12-23,12월,"이찬의, 유재권",http://www.samchully.co.kr,서울특별시,AA+,NULL
100,삼화페인트공업,390,"기타 화학제품 제조업","건축용페인트,공업용페인트,분체도료 등 제조",1993-09-10,12월,"류기붕,배맹달(각자대표)",http://www.samhwa.com,경기도,BBB,NULL
101,서흥,8490,"기타 화학제품 제조업","의약품(하드캅셀,건강보조식품,소프트캅셀),건강보조식품,인삼제품 제조,판매",1990-03-27,12월,양주환,http://www.suheung.com,충청북도,A-,NULL
102,세아베스틸지주,1430,"1차 철강 제조업","특수강,철도용품,자동차부품 제조,수출입",1991-03-12,12월,"이태성, 김수호",http://www.seahbesteel.co.kr,서울특별시,A+,NULL
103,세아홀딩스,58650,"1차 철강 제조업","지주회사/투자 및 경영컨설팅/부동산 임대",2001-07-30,12월,"이태성, 양영주",http://www.seahholdings.co.kr,서울특별시,A,NULL
104,신세계,4170,"종합 소매업","백화점,할인점(E마트)",1985-08-19,12월,손영식,http://www.shinsegae.com,서울특별시,AA,NULL
105,신세계푸드,31440,음식점업,"단체급식, 식자재유통, 외식",2010-04-29,12월,송현석,http://www.shinsegaefood.com,서울특별시,A+,NULL
106,신원,9270,"봉제의복 제조업","여성,남성의류,스웨터,의복관련 악세사리,사카린,망초 제조,판매,수출입/섬유의류 도매/신용카드업/의류전문 물류대행 및 임대사업",1988-08-24,12월,박정주,http://www.sw.co.kr,서울특별시,BBB,NULL
107,쌍용씨앤이,3410,"시멘트, 석회, 플라스터 및 그 제품 제조업",시멘트(크링카),1975-05-03,12월,"홍사승, 이현준 (각자)대표집행임원",http://www.ssangyongcement.co.kr,서울특별시,A,NULL
108,알루코,1780,"1차 비철금속 제조업","알루미늄제품,샷시 제조",2007-06-07,12월,박진우,http://www.dygc.co.kr,대전광역시,JB,NULL
109,엔씨소프트,36570,"소프트웨어 개발 및 공급업","인터넷머그게임(리니지),그룹웨어,인터넷커뮤니티 개발,유지,공급",2003-05-22,12월,김택진,http://www.ncsoft.net,서울특별시,AA,NULL
110,윌비스,8600,"생활용품 도매업","스웨터,니트,셔츠 도매,제조/컴퓨터주변기기 무역,오파,임대",1989-07-28,12월,"임찬혁(대표집행임원), 송주호(대표집행임원)",http://www.willbes.com,충청남도,JB,NULL
111,유니켐,11330,"가죽, 가방 및 유사제품 제조업","피혁 제조,도매,무역,부동산임대",1989-12-14,12월,이장원,http://www.uni-chem.net,경기도,JB,NULL
112,율촌화학,8730,"플라스틱제품 제조업","연포장재,필름,골판지상자,합성수지,플라스틱일반성형제품 제조",1988-08-30,12월,"송녹정,신동윤",http://www.youlchon.com,서울특별시,A+,NULL
113,이마트,139480,"종합 소매업",대형마트,2011-06-10,12월,강희석,http://emartcompany.com/ko/main.do,서울특별시,AA,NULL
114,일진전기,103590,"절연선 및 케이블 제조업",NULL,2008-08-01,12월,"황수 (단독대표)",NULL,경기도,A-,NULL
115,종근당,185750,"의약품 제조업","딜라트렌,리피로우",2013-12-06,12월,김영주,http://www.ckdpharm.com,서울특별시,A+,NULL
116,종근당홀딩스,1630,"의약품 제조업","의약품(항생제,위궤양치료제,장기이식면역억제제,고지혈증치료제(로바이드)) 제조,도매",1976-06-30,12월,김태영,http://www.ckd-holdings.com,서울특별시,A+,NULL
117,케이비아이동국실업,1620,"자동차 신품 부품 제조업","자동차부품(에어닥트,글로벌박스,노즐,어셈블리류,핸들류) 제조,판매/공장 임대",1990-09-15,12월,김진산,http://kbidongkook.com,서울특별시,JB,NULL
118,케이씨씨,2380,"기타 화학제품 제조업","건축용단열재,내외장재,스레트,밤라이트,암면,석고보드,판유리 제조",1973-06-25,12월,"정몽진, 정재훈",http://www.kccworld.co.kr,서울특별시,AA-,NULL
119,케이씨씨글라스,344820,"유리 및 유리제품 제조업","판유리 등",2020-01-21,12월,김내환,http://www.kccglass.co.kr,서울특별시,AA-,NULL
120,케이티,30200,"전기 통신업","유무선통신사업,공중전기통신사업,인터넷,전자상거래,네트워크(전용회선,데이터통신,초고속사업 등)",1998-12-23,12월,구현모,http://www.kt.com,경기도,AAA,NULL
121,케이티스카이라이프,53210,"텔레비전 방송업",위성방송서비스,2011-06-03,12월,양춘식,http://www.ktskylife.co.kr,서울특별시,AA-,NULL
122,코스맥스,192820,"기타 화학제품 제조업",화장품,2014-04-07,12월,"심상배, 이병주",http://www.cosmax.com,경기도,BBB,NULL
123,코오롱,2020,"기타 금융업",지주회사,1975-06-23,12월,안병덕,http://www.kolon.com,경기도,BBB,NULL
124,코오롱인더,120110,"화학섬유 제조업","산업자재, 화학, 필름",2010-02-01,12월,"김영범, 유석진",http://www.kolonindustries.com/,서울특별시,A,NULL
125,코웨이,21240,"그외 기타 개인 서비스업","렌탈 서비스(정수기,비데, 필터교환 등), 가정용기기 도매,판매,제조,폐기물처리설비,수출(정수기,청정기)",2001-08-07,12월,서장원,http://company.coway.com,충청남도,AA-,NULL
126,콘텐트리중앙,36420,"영화, 비디오물, 방송프로그램 제작 및 배급업","영화 및 방송프로그램 제작, 유통, 광고",2019-10-18,12월,"남주현, 홍정인(각자대표)",http://www.jcontentree.com/,서울특별시,BBB,NULL
127,태양금속공업,4100,"자동차 신품 부품 제조업","자동차용 강력볼트,너트,전기전자제품용 나사,자전거부품,전해동박,도금도장설비 제조",1976-05-25,12월,"한우삼. 한하워드성(각자 대표이사)",http://www.taeyangmetal.com,경기도,JB,NULL
128,태영건설,9410,"토목 건설업","종합건설업(토목공사,도로공사,건축공사,관급공사,환경공사,상하수도공사,하수종말처리공사)/부동산 임대,매매",1989-11-13,12월,이재규,http://www.taeyoung.com,경기도,A-,NULL
129,팬오션,28670,"해상 운송업","해상화물운송(외항,운수보관)",2007-09-21,12월,"김홍국, 안중호(각자 대표이사)",http://www.panocean.com,서울특별시,A,NULL
130,페이퍼코리아,1020,"펄프, 종이 및 판지 제조업","제지(신문용지,중질지),합판 제조,건설,석유류 판매",1976-06-26,12월,권육상,http://www.papercorea.co.kr,전라북도,JB,NULL
131,포스코인터내셔널,47050,"상품 중개업","무역(철강,화학,자동차부품),수출주선,대행,알선,가공원단,폴리우레탄,자동차시트 제조",2001-03-23,12월,"대표이사 부회장 정탁",http://www.poscointl.com,서울특별시,AA-,NULL
132,포스코퓨처엠,3670,"일차전지 및 축전지 제조업","내화물, 생석회, 음극재 및 양극재",2019-05-29,12월,김준형,http://www.poscofuturem.com,경상북도,AA-,NULL
133,풀무원,17810,"기타 식품 제조업","두부류,생면류,나물류,냉동류,조미류,김치류,묵류,녹즙,과채음료,건강보조식품 판매,제조,생식품 수출",1995-10-05,12월,이효율,http://www.pulmuone.co.kr,충청북도,BBB,NULL
134,풍산,103140,"1차 비철금속 제조업",NULL,2008-07-30,12월,"류진, 박우동",http://www.poongsan.co.kr,경기도,A+,NULL
135,하이트진로,80,"알코올음료 제조업",소주,2009-10-19,12월,김인규,http://www.hitejinro.com,서울특별시,A+,NULL
136,하이트진로홀딩스,140,"기타 금융업",지주회사,1973-09-19,12월,김인규,http://www.hitejinroholdings.com,서울특별시,A,NULL
137,한국가스공사,36460,"연료용 가스 제조 및 배관공급업","액화천연가스 공급,제조,도매,개발",1999-12-15,12월,최연혜,http://www.kogas.or.kr,대구광역시,AAA,NULL
138,한국전력공사,15760,전기업,"전력자원개발,발전,송전,전력용기자재확보",1989-08-10,12월,이정복,http://www.kepco.co.kr,전라남도,AAA,NULL
139,한국콜마,161890,"기타 화학제품 제조업","화장품, 의약품",2012-10-19,12월,최현규,http://https://www.kolmar.co.kr/,세종특별자치시,A,NULL
140,한국타이어앤테크놀로지,161390,"고무제품 제조업","타이어 제조",2012-10-04,12월,이수일,http://www.hankooktire.com,경기도,AA,NULL
141,한독,2390,"의약품 제조업","의약품(소화제,크라포란,라식스)제조,도매,부동산 임대",1976-06-30,12월,"김영진, 백진기",http://www.handok.co.kr,서울특별시,BBB,NULL
142,한미약품,128940,"의약품 제조업",의약품,2010-07-30,12월,박재현,NULL,경기도,A,NULL
143,한세실업,105630,"봉제의복 제조업","의류 완제품",2009-03-20,12월,"김익환, 김경",http://www.hansae.com,서울특별시,BBB,NULL
144,한솔케미칼,14680,"기초 화학물질 제조업","과산화수소,라텍스,요소수지,수소액화탄산,차아황산소다 제조,판매,디지털카메라용 인화필름 제조,수출",1989-05-20,12월,박원환,http://www.hansolchemical.com,서울특별시,A+,NULL
145,한솔테크닉스,4710,"전자부품 제조업","백라이트유닛,인버터,폴리바리콘,모니터,통신장비 제조",1988-07-06,12월,유경준,http://www.hansoltechnics.com,서울특별시,BBB,NULL
146,한솔홈데코,25750,"제재 및 목재 가공업","PB,MDF,바닥재,강화,재생목재,LPM,제재목 제조,도소매,무역/임업,벌목관련 사업",2003-11-04,12월,김경록,http://www.hansolhomedeco.co.kr,서울특별시,BBB,NULL
147,한신공영,4960,"건물 건설업","토목공사,건축공사,주택건설,유통업(백화점),문화교실,주차장",1976-07-07,12월,"최문규,선홍규(각자 대표이사)",http://www.hanshinc.com,경기도,BBB,NULL
148,한온시스템,18880,"일반 목적용 기계 제조업","자동차용부품(라디에이터,히터,에어콘,압축기,콘덴서,컴퓨레사) 제조,도매",1996-07-31,12월,"각자대표집행임원 2인 - 성민석(대표집행임원) - 너달 쿠추카야(대표집행임원)",http://www.hanonsystems.com,대전광역시,AA-,NULL
149,한일시멘트,300720,"시멘트, 석회, 플라스터 및 그 제품 제조업","시멘트, 레미콘, 레미탈",2018-08-06,12월,전근식,http://www.hanilcement.com,서울특별시,A+,NULL
150,한진,2320,"도로 화물 운송업","포장화물,택배산업,항만하역,고속버스사업,운수보관",1974-08-12,12월,노삼석,http://www.hanjin.com,서울특별시,BBB,NULL
151,한창,5110,"기계장비 및 관련 물품 도매업","소화기, 통신장비 유통",1976-06-01,12월,"최 승 환",http://www.hanchang.co.kr,부산광역시,JB,NULL
152,한화,880,"기타 화학제품 제조업","화약,화공품,자동선반류,공작기계 제조,전자교환기,건설,정보통신,종합무역/임직원 및 개인대상 교육,세미나 및 워크샵 중계,동영상광고",1976-06-24,12월,"김동관, 김승모, 양기원",http://www.hanwhacorp.co.kr,서울특별시,A+,NULL
153,한화시스템,272210,"전자부품 제조업","정밀기기(육해공군관련전자제어시스템,열영상감시장비,탐지추적장치,전투지휘체계시스템) 제조",2019-11-13,12월,어성철,http://hanwhasystems.com,경상북도,AA-,NULL
154,한화에어로스페이스,12450,"항공기,우주선 및 부품 제조업","항공기엔진,특수방산장비 제조/정비사업",1987-05-27,12월,"손재일, 김동관",http://www.hanwhaaerospace.co.kr/,경상남도,AA-,NULL
155,해태제과식품,101530,"기타 식품 제조업","홈런볼, 오예스, 맛동산, 부라보콘 등",2016-05-11,12월,"신정훈, 이상진(각자대표)",http://www.ht.co.kr,충청남도,A,NULL
156,핸즈코퍼레이션,143210,"자동차 신품 부품 제조업","자동차 알루미늄 휠",2016-12-02,12월,승현창,http://www.handscorp.co.kr,인천광역시,JB,NULL
157,현대건설,720,"토목 건설업","공사수입,주택분양,건설산업부문 설계,감리 등 엔지니어링서비스",1984-12-22,12월,윤영준,http://www.hdec.kr,서울특별시,AA-,NULL
158,현대글로비스,86280,"기타 운송관련 서비스업","화물운송주선,화물포장,자동차 수리/산업용 기계장비 임대",2005-12-26,12월,이규복,http://www.glovis.net,서울특별시,AA,NULL
159,현대로템,64350,"철도장비 제조업","철도차량, 특수중기, 산업기계",2013-10-30,12월,이용배,http://www.hyundai-rotem.co.kr,경상남도,A-,NULL
160,현대모비스,12330,"자동차 신품 부품 제조업","자동차A/S용 부품,컨테이너,특수중기,산업기계제품 생산,판매,부품모듈화,부품수출사업,환경/플랜트사업,특수중기부문(컨테이너)",1989-09-05,12월,"정의선, 조성환",http://www.mobis.co.kr,서울특별시,AA+,NULL
161,현대백화점,69960,"종합 소매업",백화점,2002-11-25,12월,"정지선, 장호진, 김형종 (각자대표)",http://home.e-hyundai.com,서울특별시,AA+,NULL
162,현대비앤지스틸,4560,"1차 철강 제조업","스텐레스냉연강판,특수강 제조",1987-03-24,12월,"대표이사 사장 정일선,대표이사 부사장 이선우(각자 대표이사)",http://www.hyundai-bngsteel.com,경상남도,A,NULL
163,현대엘리베이터,17800,"일반 목적용 기계 제조업","엘리베이터,에스컬레이터,공항,공정,크린룸,병원 물류시스템,수,배송센터,고속소팅시스템,주차설비 제조,판매,보수",1996-07-03,12월,조재천,http://www.hyundaielevator.co.kr,충청북도,A,NULL
164,현대오토에버,307950,"소프트웨어 개발 및 공급업","전산실운영, 시스템구축, 전산장비 납품, SOC/건축 사업",2019-03-28,12월,서정식,http://www.hyundai-autoever.com,서울특별시,AA-,NULL
165,현대위아,11210,"자동차 신품 부품 제조업","자동차부품, 공작기계 등",2011-02-21,12월,정재욱,http://www.hyundai-wia.com,경상남도,AA-,NULL
166,현대자동차,5380,"자동차용 엔진 및 자동차 제조업","자동차(승용차,버스,트럭,특장차),자동차부품,자동차전착도료 제조,차량정비사업",1974-06-28,12월,"정의선, 장재훈, 이동석(각자 대표이사)",http://www.hyundai.com,서울특별시,AA+,NULL
167,현대제철,4020,"1차 철강 제조업","H형강,제철,제강,철근,압연,스테인레스,주강,시트파일 제조,수출입,중기부품(탱크바퀴)제조,판매",1987-05-23,12월,안동일,http://www.hyundai-steel.com,인천광역시,AA,NULL
168,현대코퍼레이션,11760,"상품 종합 도매업","자동차,철강,기계,선박,플랜트,컴퓨터,전자제품 수출,수출입대행/자원(탄광,유전) 개발",1977-12-01,12월,"정몽혁, 김원갑, 장안석(각자대표이사)",http://www.hyundaicorp.co.kr,서울특별시,A-,NULL
169,호텔신라,8770,"기타 상품 전문 소매업","면세판매,관광숙박,외식사업,예식업",1991-03-12,12월,이부진,http://www.hotelshilla.net,서울특별시,AA-,NULL
170,화신,10690,"자동차 신품 부품 제조업","자동차엔진부품(ARM류,C/MBR류),자동차부품 제조",1994-01-14,12월,"정서진, 장의호",http://www.hwashin.co.kr,경상북도,BBB,NULL
171,효성중공업,298040,"전동기, 발전기 및 전기 변환 · 공급 · 제어 장치 제조업",-,2018-07-13,12월,"양동기 / 요코타 타케시",http://www.hyosungheavyindustries.com,서울특별시,A,NULL
172,효성첨단소재,298050,"화학섬유 제조업",PET타이어코드,2018-07-13,12월,조용수,http://www.hyosungadvancedmaterials.com,서울특별시,A,NULL
173,AK홀딩스,6840,"기타 금융업",지주사업,1999-08-11,12월,"채형석, 백차현(각자 대표이사)",http://www.aekyunggroup.co.kr,서울특별시,NULL,BBB
174,BGF,27410,"기타 금융업",지주회사,2014-05-19,12월,홍정국,http://www.bgf.co.kr,서울특별시,NULL,AA-
175,BGF리테일,282330,"종합 소매업","체인화 편의점",2017-12-08,12월,이건준,http://www.bgfretail.com,서울특별시,NULL,AA-
176,BYC,1460,"봉제의복 제조업","메리야스,란제리 제조,도매/건축공사/부동산 임대,분양,공급",1975-06-02,12월,"김 대 환",http://home.byc.co.kr,서울특별시,NULL,A
177,"CJ CGV",79160,"영화, 비디오물, 방송프로그램 제작 및 배급업","영화상영,영화관 운영",2004-12-24,12월,허민회,http://www.cgv.co.kr,서울특별시,NULL,BBB
178,CS홀딩스,590,"기타 금융업","브랜드 수익, 자회사 배당",1975-12-22,12월,장원영,http://www.chosunwelding.com,경상북도,NULL,JB
179,DB,12030,"컴퓨터 프로그래밍, 시스템 통합 및 관리업","컴퓨터 프로그래밍, 시스템 통합 및 관리",1993-01-06,12월,"문덕식,강운식 (각자 대표이사)",http://www.dbinc.co.kr,서울특별시,NULL,BBB
180,DB하이텍,990,"반도체 제조업","반도체 제조",1975-12-12,12월,조기석,http://www.dbhitek.co.kr,경기도,NULL,AA-
181,DRB동일,4840,"고무제품 제조업","고무벨트(V벨트,콘베이어벨트,평벨트),프라스틱제품 제조,판매",1976-05-21,12월,류영식,http://www.drbworld.com,부산광역시,NULL,BBB
182,DSR,155660,"1차 비철금속 제조업",합섬섬유로프,2013-05-15,12월,홍석빈,http://www.dsr.com,부산광역시,NULL,JB
183,F&F,383220,"봉제의복 제조업","MLB, MLB KIDS, DISCOVERY 등 패션의류제품",2021-05-21,12월,김창수,http://www.fnf.co.kr,서울특별시,NULL,AA-
184,"F&F 홀딩스",7700,"기타 금융업","스포츠웨어(골프웨어) 제조/도서출판(단행본,유아/아동전집류(아인슈타인시리즈),잡지)/이천고속도로휴게소/문구사무용품,수입의류 판매,소매",1984-10-04,12월,박의헌,http://www.fnfholdings.com,서울특별시,NULL,AA-
185,GKL,114090,"유원지 및 기타 오락관련 서비스업",카지노,2009-11-19,12월,김영산,http://www.grandkorea.com,서울특별시,NULL,JB
186,GS글로벌,1250,"상품 종합 도매업","수출입업(시멘트,철강금속,전기전자,섬유,기계화학),상품중개,광업,채석업/하수처리 서비스/부동산 임대",1976-06-26,12월,이영환,http://www.gsgcorp.com,서울특별시,NULL,A-
187,HDC랩스,39570,"전기 및 통신 공사업","기계설비공사, 스마트홈, 지능형 빌딩, SOC, 인테리어, 조경, 시설관리",2015-09-24,12월,김성은,http://www.hdc-labs.com/,서울특별시,NULL,JB
188,HD한국조선해양,9540,"기타 금융업","선박,해양구조물,엔진,펌프 전동기,중전기,중장비 제조/자동창고,물류시스템",1999-08-24,12월,"가삼현, 정기선 (각자 대표이사)",http://www.ksoe.co.kr,경기도,NULL,AA
189,HD현대에너지솔루션,322000,"반도체 제조업","태양광 셀·모듈, PV시스템, ESS",2019-11-19,12월,박종환,http://www.hd-hyundaies.co.kr/,경기도,NULL,A-
190,HJ중공업,97230,"토목 건설업","선박건조,기계플랜트 제조/토목공사,건축공사,조경공사,전기공사,가스공사,준설공사,기계설비공사",2007-08-31,12월,"홍문기, 유상철",http://www.hjsc.co.kr,부산광역시,NULL,BBB
191,"HL D&I",14790,"토목 건설업","토목,건축,전기,환경사업,준설공사,포장공사,주택,중기임대",1994-08-12,12월,홍석화,http://www.halla.co.kr,서울특별시,NULL,A-
192,HLB글로벌,3580,"기타 비금속광물 광업","모래 및 자갈 채취업,콤부차,그린월,화장품,신약개발 등",1990-03-23,12월,김광재,http://www.hlbglobal.co.kr,강원특별자치도,NULL,JB
193,HMM,11200,"해상 운송업","정기,부정기,전용선,콘테이너선,자동차선,LNG선 해운",1995-10-05,12월,김경배,http://www.hmm21.com,서울특별시,NULL,AA+
194,HSD엔진,82740,"일반 목적용 기계 제조업","대형선박용엔진,내연발전엔진",2011-01-04,12월,고영열,http://www.hsdengine.com,경상남도,NULL,BBB
195,JW생명과학,234080,"의약품 제조업","기초수액, TPN, 특수수액, HEMO, 영양수액 등",2016-10-27,12월,차성남,http://www.jw-lifescience.co.kr,충청남도,NULL,JB
196,JW중외제약,1060,"의약품 제조업","수액제,소화기궤양치료제,항생제,항암제 제조,도매",1976-06-14,12월,"대표이사 신영섭",http://www.jw-pharma.co.kr,경기도,NULL,BBB
197,KC그린홀딩스,9440,"기타 금융업","환경방지오염시설(전기집진기,배연탈황설비,여과집진기,세정식집진기),제어장치 제조,설치",1994-11-05,12월,이태영,http://www.kcgreenholdings.com,서울특별시,NULL,BBB
198,KC코트렐,119650,"일반 목적용 기계 제조업","전기집진기 등",2010-01-29,12월,김현수,http://www.kc-cottrell.com/,서울특별시,NULL,JB
199,KEC,92220,"반도체 제조업","반도체 제조",2006-10-16,12월,"이종홍, 이태선, 강래훈",http://www.kec.co.kr,서울특별시,NULL,JB
200,KG모빌리티,3620,"자동차용 엔진 및 자동차 제조업","자동차,자동차부품,차륜,정비 제조/도소매",1975-05-29,12월,"곽재선, 정용원",http://www.kg-mobility.com,경기도,NULL,A+
201,KG스틸,16380,"1차 철강 제조업","철강재(냉연강판,아연도강판,칼라강판,석도강판,선재류,강관,형강,봉강),비철금속 제조,도매",1986-02-03,12월,박성희,http://kg-steel.co.kr,서울특별시,NULL,A+
202,KG케미칼,1390,"기초 화학물질 제조업","콘크리트혼화제, 비료, 친환경농자재, 수처리제",1989-08-25,12월,"곽정현, 김재익",http://www.kgchem.co.kr,울산광역시,NULL,AA-
203,"KH 필룩스",33180,"전자부품 제조업","전자부품(페라이트코아,트랜스포머,데코램프) 제조/온라인정보 제공/부동산 임대",2001-12-26,12월,"한우근, 배보성(각자대표)",http://www.feelux.com,경기도,NULL,JB
204,KISCO홀딩스,1940,"1차 철강 제조업",지주사업,1989-11-13,12월,"장세홍, 이병제 (각자대표)",http://www.kiscoholdings.co.kr,경상남도,NULL,AA-
205,KPX케미칼,25000,"기초 화학물질 제조업","PPG,PU RESIN,우레탄수지,대향막박리재,반도체 CM PAD,Polyether Polyol,산업용기초화학제품,화공약품 제조,판매",1994-12-27,12월,"양준영, 최재호, 이찬수(각자대표이사)",http://www.kpxchemical.com,서울특별시,NULL,A+
206,KPX홀딩스,92230,"기초 화학물질 제조업",지주회사,2006-10-12,12월,양준영,http://www.kpxholdings.com,서울특별시,NULL,A+
207,KR모터스,40,"그외 기타 운송장비 제조업","이륜차(오토바이) 제조,도매",1976-05-25,12월,고재철,http://www.krmotors.com,경상남도,NULL,JB
208,KSS해운,44450,"해상 운송업","특수화물해상운송(액화가스,LPG,암모니아,VCM,석유화학제품 등), 선박대여",2007-10-26,12월,박찬도,http://www.kssline.com,서울특별시,NULL,BBB
209,KTcs,58850,"기타 정보 서비스업","전화번호검색 데이타제공/콜센터 운영",2010-09-16,12월,박경원,http://www.ktcs.co.kr,대전광역시,NULL,JB
210,LG,3550,"기타 금융업",지주회사,1970-02-13,12월,"구광모, 권봉석",http://www.lg.co.kr,서울특별시,NULL,AA
211,LG생활건강,51900,"기타 화학제품 제조업","화장품,생활용품 제조,도매",2001-04-25,12월,이정애,http://www.lghnh.com,서울특별시,NULL,AA+
212,LS전선아시아,229640,"기타 금융업",NULL,2016-09-22,12월,이상호,http://www.lscnsasia.co.kr,서울특별시,NULL,JB
213,LX세미콘,108320,"반도체 제조업","Display Driver IC",2022-11-03,12월,손보익,http://www.lxsemicon.com,대전광역시,NULL,AA-
214,LX홀딩스,383800,"기타 금융업",지주회사,2021-05-27,12월,"구본준, 노진서",http://www.lxholdings.co.kr,서울특별시,NULL,A
215,MH에탄올,23150,"알코올음료 제조업","주정,탄산가스 제조",1996-12-24,12월,최동호,http://www.mhethanol.com,경상남도,NULL,JB
216,NAVER,35420,"자료처리, 호스팅, 포털 및 기타 인터넷 정보매개 서비스업","포털 서비스 및 온라인 광고",2008-11-28,12월,최수연,http://www.navercorp.com,경기도,NULL,AA+
217,NICE,34310,"회사 본부 및 경영 컨설팅 서비스업","기업신용분석,유가증권등급평정,기업정보,긍융정보,경제정보,소비자신용정보 제공,시장조사,사회여론조사,점외 CD/ATM사업",2004-02-04,12월,이현석,http://www.nice.co.kr,서울특별시,NULL,A
218,OCI홀딩스,10060,"기초 화학물질 제조업","타르제품,카본블랙,무수프탈산,농약원제,석탄화학제품,정밀화학제품,플라스틱창호재 제조,판매",1985-07-09,12월,"이우현, 서진석(2인, 각자 대표이사)",http://www.oci.co.kr,서울특별시,NULL,A
219,POSCO홀딩스,5490,"1차 철강 제조업","열연코일,냉연강판,후판,선재,스테인리스 제조",1988-06-10,12월,"대표이사 회장 최정우, 대표이사 사장 정기섭",http://www.posco-inc.com,경상북도,NULL,AA+
220,S-Oil,10950,"석유 정제품 제조업","석유제품,가스,윤활기유,윤활유,그리스,석유화학제품 제조,도매",1987-05-27,12월,"Anwar A. Al-Hejazi (안와르 에이 알-히즈아지)",http://www.s-oil.com,서울특별시,NULL,AA
221,SG글로벌,1380,"자동차 신품 부품 제조업","자동차시트커버(Seat Trim Cover), 면사, 면ㆍ혼방사 등의 제조 및 판매",1976-06-29,12월,이의범,http://www.sgglobal.co.kr,충청남도,NULL,JB
222,SG세계물산,4060,"상품 종합 도매업","피복류,봉제품,P.E제품 수출입,도매,제조/조경사업",1976-04-19,12월,이의범,http://www.sgsegye.com,서울특별시,NULL,JB
223,SH에너지화학,2360,"기초 화학물질 제조업","합성수지(PS/EPS,ABS수지) 제조",1985-12-23,12월,정케빈규봉,http://www.sh-enerchem.com,전라북도,NULL,JB
224,SIMPAC,9160,"1차 철강 제조업","프레스, 합금철",1989-07-29,12월,최진식,http://www.simpac.co.kr,인천광역시,NULL,A
225,SK바이오사이언스,302440,"기초 의약물질 및 생물학적 제제 제조업","백신 제품 및 제제",2021-03-18,12월,안재용,http://www.skbioscience.com,경기도,NULL,A+
226,SK아이이테크놀로지,361610,"일차전지 및 축전지 제조업","2차전지용 습식 분리막 및 폴더블 커버 윈도우",2021-05-11,12월,김철중,http://www.skietechnology.com/,서울특별시,NULL,A+
227,SK오션플랜트,100090,"1차 철강 제조업","해상풍력 하부구조물",2023-04-19,12월,이승철,http://www.skoceanplant.com/,경상남도,NULL,A+
228,SNT다이내믹스,3570,"자동차 신품 부품 제조업","자동차부품(동력전달장치 등),공작기계(CNC선반 등),사출성형기 제조",1976-07-08,12월,박재석,http://www.hisntd.com,경상남도,NULL,A
229,SNT모티브,64960,"자동차 신품 부품 제조업","자동차부품(서스펜션모듈,전장품,속옵서버,에어백,트로틀바디,너클),방산품(총포) 제조,도매",2002-03-11,12월,권형순,http://www.sntdaewoo.com,부산광역시,NULL,AA-
230,SNT에너지,100840,"일반 목적용 기계 제조업","공냉식 열교환장치,폐열회수장치 제조",2008-02-22,12월,김형섭,http://www.hisnt.com,경상남도,NULL,JB
231,SNT홀딩스,36530,"기타 금융업","지배,경영지도,정리,육성",2002-10-22,12월,김도환,http://www.hisntholdings.com,서울특별시,NULL,AA-
232,SPC삼립,5610,"기타 식품 제조업","빵,아이스크림,과자,케익,유산균음료,인스턴트식품,병조림,면류,식용유 제조,판매",1975-05-02,12월,황종현,http://www.spcsamlip.co.kr,경기도,NULL,BBB
233,STX,11810,"상품 종합 도매업","에너지 원료(석탄,석유),산업기자재(기계부품) 도매",1990-09-12,12월,박상준,http://www.stx.co.kr,경상남도,NULL,JB
234,STX엔진,77970,"일반 목적용 기계 제조업","엔진,터빈,내연기관 제조,도매",2004-05-10,12월,이상수,http://www.stxengine.co.kr,경상남도,NULL,BBB
235,STX중공업,71970,"일반 목적용 기계 제조업","조선기자재, 기계부품",2009-05-15,12월,최순필,http://www.stxhi.co.kr,경상남도,NULL,JB
236,SUN&L,2820,"나무제품 제조업","합판,가정용가구(선우드),MDF,제재목,하드보드 제조/부동산 임대",1976-05-22,12월,서성교,http://sunandl.com/,인천광역시,NULL,JB
237,WISCOM,24070,"플라스틱제품 제조업","플라스틱제품(PVC컴파운드,ABS,PS가공) 제조,도매,임가공",1996-11-22,12월,"구조웅, 구영일",http://www.wiscom.co.kr,경기도,NULL,JB
238,"YG PLUS",37270,"자료처리, 호스팅, 포털 및 기타 인터넷 정보매개 서비스업","광고대행,광고물 제작",2003-08-01,12월,최성준,http://www.ygplus.com,서울특별시,NULL,JB
239,강남제비스코,860,"기타 화학제품 제조업","도료(페인트,락카,신나,에나멜,바니쉬),안료 제조,판매",1975-11-12,12월,"황익준,김재현(각자대표이사)",http://www.jevisco.com,부산광역시,NULL,A+
240,강원랜드,35250,"유원지 및 기타 오락관련 서비스업","카지노,관광호텔,골프장,스키장,체육시설 운영",2003-09-04,12월,"Lee, Sam-Geol",http://kangwonland.high1.com,강원도,NULL,AA-
241,경농,2100,"비료, 농약 및 살균, 살충제 제조업","완제농약(잡초약,살충제,살균제) 제조",1977-06-30,12월,"이병만,이용진",http://www.knco.co.kr,서울특별시,NULL,BBB
242,경동나비엔,9450,"가정용 기기 제조업","가정용기름보일러,입형,횡형 온수보일러,가스보일러,버너,흡수식 냉온수기,전기보일러,진공온수보일러,태양열보일러 제조,판매",1993-08-31,12월,"손연호, 김종욱 (각자대표)",http://www.kdnavien.co.kr,경기도,NULL,A
243,경동도시가스,267290,"연료용 가스 제조 및 배관공급업",도시가스,2017-05-12,12월,"송재호, 나윤호",http://www.kdgas.co.kr,울산광역시,NULL,A+
244,경동인베스트,12320,"기타 금융업",지주회사,1997-03-07,12월,정승진,http://www.kdinvest.co.kr,경기도,NULL,A
245,경방,50,"종합 소매업","섬유류(면사,면혼방사,면직물,면혼방직물,화섬사,화섬직물) 제조,도매,수출입",1956-03-03,12월,"김준, 김담",http://www.kyungbang.co.kr,서울특별시,NULL,A-
246,경인양행,12610,"기초 화학물질 제조업","반응성염료,직접염료,산성염료,삼원색원료 제조,수출입",1995-10-05,12월,"김흥준,조성용 (각자대표이사)",http://www.kyungin.co.kr,인천광역시,NULL,BBB
247,경인전자,9140,"전자부품 제조업","스위치,리모콘,배선기구,섬머스타트,게임기,전자부품 제조,판매",1989-06-20,12월,김성은,http://www.kie.co.kr,서울특별시,NULL,JB
248,계룡건설산업,13580,"토목 건설업","건축공사,주택공사,토목공사,포장공사,전기공사",1996-01-30,12월,"한승구, 오태식, 윤길호",http://www.krcon.co.kr,대전광역시,NULL,AA-
249,계양전기,12200,"일반 목적용 기계 제조업","전동공구(그라인더,드릴,커팅머신 등), 엔진, 자동차용 모터 제조",1988-07-06,12월,임영환,http://www.keyang.co.kr,서울특별시,NULL,JB
250,고려산업,2140,"곡물가공품, 전분 및 전분제품 제조업","배합사료,플라스틱용기 제조/부동산 임대",1991-01-14,12월,"전장열, 김영교(각자 대표이사)",http://www.hafeed.co.kr,부산광역시,NULL,JB
251,고려아연,10130,"1차 비철금속 제조업","연,아연괴 제조,판매",1990-07-28,12월,"최윤범, 박기덕",http://www.koreazinc.co.kr,서울특별시,NULL,AA-
252,고려제강,2240,"1차 철강 제조업","PC강선,선재 2차제품,와이어로프,비드와이어,SC(Surpass Coat) Stand,각종선재 제조,도매",1976-05-25,12월,"이이문, 주종대 (각자대표)",http://www.kiswire.com,부산광역시,NULL,A+
253,광명전기,17040,"전동기, 발전기 및 전기 변환 · 공급 · 제어 장치 제조업","수배전반,가스절연개폐장치,빌딩자동화시스템,중앙감시반,자동제어반 제조,도소매,무역",1990-09-14,12월,"이재광,조광식",http://www.kmec.co.kr,경기도,NULL,JB
254,광전자,17900,"반도체 제조업","트랜지스터,SMD TR,발광소자,리모콘모듈,발광다이오드(L.E.D),다이오드용웨이퍼팹(Fab) 제조,판매",1996-10-16,12월,최재완,http://www.auk.co.kr,전라북도,NULL,JB
255,교촌에프앤비,339770,"음·식료품 및 담배 도매업","치킨 프랜차이즈",2020-11-12,12월,윤진호,http://kyochonfnb.com,경상북도,NULL,BBB
256,국보,1140,"도로 화물 운송업","화물자동차운송,콘테이너운송,수출입화물보관,도로운송,CY보관,하역",1989-12-02,12월,박찬하,http://www.kukbo.com,부산광역시,NULL,JB
257,국제약품,2720,"의약품 제조업","항생제,안약,제약 제조,도매",1975-12-27,12월,"남영우,남태훈,안재만",http://www.kukjepharm.co.kr,경기도,NULL,JB
258,극동유화,14530,"석유 정제품 제조업","윤활유,유동파라핀,왁스,방수용시트,아스팔트 제조/수입자동차,부품 도매/가스충전,산업설비 청소",1991-01-31,12월,"장홍선, 장선우 (각자대표)",http://www.kdoc.co.kr,경상남도,NULL,JB
259,금강공업,14280,"1차 철강 제조업","건설가설재,강관,거푸집 제조,판매",1988-09-10,12월,"전장열, 전재범 (각자 대표이사)",http://www.kumkangkind.com,부산광역시,NULL,A-
260,금호건설,2990,"건물 건설업","종합건설/여객운송,관광/부동산 임대,분양",1976-06-26,12월,서재환,http://www.kumhoenc.com,전라남도,NULL,BBB
261,금호타이어,73240,"고무제품 제조업","타이어,튜브 제조,도매,무역",2005-02-17,12월,정일택,http://www.kumhotire.co.kr,광주광역시,NULL,A
262,기아,270,"자동차용 엔진 및 자동차 제조업","승용차,중대형버스,트럭,민수특수차량,군수차량 제조,판매,정비",1973-07-21,12월,"송호성,최준영(각자 대표이사)",http://www.kia.co.kr,서울특별시,NULL,AA+
263,남광토건,1260,"토목 건설업","토목공사,건축공사,기전공사,측량설계시공,용역/철구조물 제조",1976-12-28,12월,임민규,http://www.namkwang.co.kr,경기도,NULL,JB
264,남선알미늄,8350,"1차 비철금속 제조업","알미늄샷시 제조/환경사업",1978-05-22,12월,"박귀봉, 정순원(각자대표)",http://www.namsun.co.kr,대구광역시,NULL,JB
265,남성,4270,"기타 전문 도매업","수출입(카오디오)/통신기기 제조,판매/이동통신,유선방송,정보통신/생활필수품,식품 판매/부동산 임대",1989-11-14,12월,"윤성호, 윤봉수",http://www.namsung.com,서울특별시,NULL,JB
266,남양유업,3920,"낙농제품 및 식용빙과류 제조업","시유,조제분유,발효유,이유밀,치즈,프렌치까페 제조,도매",1978-06-24,12월,이광범,http://www.namyangi.com,서울특별시,NULL,A+
267,남해화학,25860,"비료, 농약 및 살균, 살충제 제조업","비료(요소,복합비료),공업제품원료 제조,도매",1995-11-10,12월,하형수,http://www.nhchem.co.kr,서울특별시,NULL,A+
268,노루페인트,90350,"기타 화학제품 제조업","페인트 제조",2006-07-03,12월,조성국,NULL,경기도,NULL,A-
269,노루홀딩스,320,"기타 금융업",지주사업,1973-08-10,12월,"한영재,김용기",http://www.norooholdings.co.kr,경기도,NULL,A+
270,농심,4370,"기타 식품 제조업","라면,스낵,유지 제조,도매,수출입",1976-06-30,12월,이병학,http://www.nongshim.com,서울특별시,NULL,AA-
271,농심홀딩스,72710,"기타 금융업","지주회사,투자자문,경영컨설팅 서비스",2003-07-30,12월,박준,http://www.nongshimholdings.com,서울특별시,NULL,A+
272,다스코,58730,"구조용 금속제품, 탱크 및 증기발생기 제조업","데크플레이트,도로안전시설물(가드레일,강재방호책),건축용단열재보드(경질우레탄보드),신재생에너지사업",2004-08-02,12월,"한상원, 한남철",http://www.dasco.kr,전라남도,NULL,JB
273,다이나믹디자인,145210,"특수 목적용 기계 제조업","타이어 금형, 타이어 제조설비",2015-03-19,12월,"황 응 연",http://www.saehwaimc.com,광주광역시,NULL,JB
274,대교,19680,"초등 교육기관","학습지,참고서 출판/건설업/종합유선방송 프로그램공급,디지털학원",2004-02-03,12월,강호준,http://www.daekyo.co.kr,서울특별시,NULL,JB
275,대구백화점,6370,"종합 소매업","백화점운영,임대사업(백화점 코너)",1988-10-10,12월,구정모,http://www.debec.co.kr,대구광역시,NULL,JB
276,대덕전자,353200,"전자부품 제조업","PCB(Printed Circuit Board, 인쇄회로기판)의 제조 및 판매",2020-05-21,12월,신영환,http://www.daeduck.com,경기도,NULL,AA-
277,대동,490,"특수 목적용 기계 제조업","경운기,트랙터,이앙기,바인더,수확기(콤바인),농업용엔진 및 부품 제조,판매",1975-06-27,12월,"김준식, 원유현",http://www.daedong.co.kr,대구광역시,NULL,BBB
278,대림통상,6570,"기타 금속 가공제품 제조업","수전금구,비데,위생도기,샤워부스,타일,양식기,무역",1975-11-20,12월,"고은희, 손병국",http://www.dlt.co.kr,서울특별시,NULL,JB
279,대성산업,128820,"연료 소매업","주요소운영,기계판매 등",2010-07-30,12월,"김영대,이은우(공동대표)",http://www.daesung.co.kr,서울특별시,NULL,BBB
280,대양금속,9190,"1차 철강 제조업","스테인레스 냉연강판 제조",1994-04-29,12월,조상종,http://www.daiyangmetal.co.kr,충청남도,NULL,JB
281,대웅,3090,"의약품 제조업","지주회사/의약품,화공약품,농예약품,위생용품,의료용구,식품,전기전자기구,부품 제조,판매",1973-06-26,12월,윤재춘,http://www.daewoong.com/,경기도,NULL,A+
282,대원강업,430,"자동차 신품 부품 제조업","차량용스프링,기계부속,시트,타이어체인,합성수지제품,철도용스파이크 제조,도매",1977-06-22,12월,김항수,http://www.dwku.com,충청남도,NULL,A-
283,대원전선,6340,"절연선 및 케이블 제조업","전선,통신케이블,무선통신장비,합성수지 제조,도매/부동산 매매,임대",1988-05-04,12월,서명환,http://www.daewoncable.co.kr,충청남도,NULL,JB
284,대원제약,3220,"의약품 제조업","의약품(해열소염진통제,진해거담제,동맥경화용제,혈압강하제 등), 건강기능식품(프로바이오틱스 등)",1999-12-15,12월,"백승호,백승열",http://www.daewonpharm.com,서울특별시,NULL,BBB
285,대원화성,24890,"플라스틱제품 제조업","합성피혁,벽지,DMF(폐용수)정제,방수투습원단,화공약 임가공,제조,도매,수출입",1997-10-28,12월,강동엽,http://www.daewon21.co.kr,서울특별시,NULL,JB
286,대창,12800,"1차 비철금속 제조업","황동봉,동합금괴 제조,판매",1989-12-05,12월,"조시영, 김옥렬",http://www.brassone.com,경기도,NULL,BBB
287,대창단조,15230,"자동차 신품 부품 제조업","자동차,중장비 부품(크랭크샤프트,트랙링크조립체,커넥팅로드,중장비롤러류),기어,동력전달장치,단조가공품,단조품 제조",1989-07-25,12월,박권일,http://www.dcf.co.kr,경상남도,NULL,JB
288,대한유화,6650,"기초 화학물질 제조업","폴리프로필렌,고밀도폴리에틸렌,나프타분해유분,올레핀류,혼합C4류,분해가솔린 제조",1999-08-11,12월,강길순,http://www.kpic.co.kr,서울특별시,NULL,A+
289,대한전선,1440,"절연선 및 케이블 제조업","전력선,통신케이블,적산계기,스텐레스압연제품,광케이블,초고압선,알루미늄 제조,도매/전기공사",1968-12-27,12월,송종민,http://www.taihan.com,경기도,NULL,AA-
290,대한제강,84010,"1차 철강 제조업","제강,철재,철근,환봉,마환봉,빌레트 제조",2005-10-31,12월,이경백,http://www.idaehan.com,부산광역시,NULL,A+
291,대한제분,1130,"곡물가공품, 전분 및 전분제품 제조업","소맥분,토코밀,프리믹스,밀가루조제품,제분부산물 제조/파스타 수입,판매",1970-11-25,12월,"이건영, 송인석",http://www.dhflour.co.kr,서울특별시,NULL,A+
292,대한해운,5880,"해상 운송업","외항화물운송,국제해운대리점",1992-04-23,12월,김만태,http://www.korealines.co.kr,서울특별시,NULL,A
293,더메디팜,118000,"기계장비 및 관련 물품 도매업","의료기기 도매",2009-12-30,12월,신범용,NULL,경기도,NULL,JB
294,더존비즈온,12510,"컴퓨터 프로그래밍, 시스템 통합 및 관리업","응용 소프트웨어 개발 및 공급업",1988-10-28,12월,김용우,http://www.douzone.com,강원특별자치도,NULL,A-
295,덕성,4830,"플라스틱제품 제조업","플라스틱레쟈,합성수지,합성피혁 제조,도매",1987-09-25,12월,"이봉근, 김성진 (각자대표이사)",http://www.duksung21.com,경기도,NULL,JB
296,덕양산업,24900,"자동차 신품 부품 제조업","자동차부품(CRASH PAD,TRIM PANEL) 제조,판매",1997-06-23,12월,"윤성희,한상욱",http://www.duckyang.co.kr,울산광역시,NULL,JB
297,덴티움,145720,"의료용 기기 제조업","치과용 기기 제조업",2017-03-15,12월,서승우,http://www.dentium.co.kr,서울특별시,NULL,A
298,도화엔지니어링,2150,"건축기술, 엔지니어링 및 관련 기술 서비스업","토목설계,건축설계,종합감리전문업,종합기술용역,엔지니어링",2010-08-12,12월,"박승우,곽준상,손영일,김덕구",http://www.dohwa.co.kr,서울특별시,NULL,BBB
299,동국홀딩스,1230,"1차 철강 제조업","후판,철근,강판,형강,앵글,찬넬,평철 제조,판매",1988-05-09,12월,장세욱,http://www.dongkuk.co.kr,서울특별시,NULL,A
300,동방,4140,"기타 운송관련 서비스업","육상운송,해상운송,항만화물하역,보관,창고,물류사업",1988-08-10,12월,"김형곤, 박창기",http://www.dongbang.co.kr,서울특별시,NULL,JB
301,동방아그로,7590,"비료, 농약 및 살균, 살충제 제조업","농약(잡초발생전 토양처리형 밭잡초약,부메랑,주움,그라목손) 제조,도매",1977-06-29,12월,"염병만, 염병진",http://www.dongbangagro.co.kr,서울특별시,NULL,JB
302,동부건설,5960,"토목 건설업","건축공사,토목공사,전기공사,기계설비공사/비금속,철구조물 제조,판매/여객,자동차 운송,항만하역",1978-10-30,12월,윤진오,http://dbcon.dongbu.co.kr,서울특별시,NULL,BBB
303,동서,26960,"음·식료품 및 담배 도매업","식품 유통, 다류 및 연포장재 제조 등",2016-07-15,12월,김종원,http://www.dongsuh.com,서울특별시,NULL,AA-
304,동성케미컬,102260,"회사 본부 및 경영 컨설팅 서비스업",NULL,2008-06-23,12월,"이만우, 백진우 (각자 대표이사)",http://idongsung.com,부산광역시,NULL,A
305,동아지질,28100,"기반조성 및 시설물 축조관련 전문공사업","보링그라우팅공사,토공사,철근콘크리트공사,상하수도공사,비계구조물해체공사,수중공사/지질조사,시공감리",2009-06-12,12월,"박만규, 최정욱",http://www.dage.co.kr,부산광역시,NULL,JB
306,동아타이어,282690,"고무제품 제조업","타이어 및 튜브",2017-11-29,12월,"김상헌,황덕환",http://www.dongahtire.co.kr,경상남도,NULL,JB
307,동양,1520,"시멘트, 석회, 플라스터 및 그 제품 제조업","레미콘/건설공사/산업용 송풍기",1976-06-25,12월,정진학,http://www.tongyanginc.co.kr,서울특별시,NULL,A+
308,동양고속,84670,"육상 여객 운송업","고속버스 운송/부동산 임대",2005-07-25,12월,백남근,http://www.dyexpress.co.kr,경기도,NULL,JB
309,동양철관,8970,"1차 철강 제조업","수도용 도복장 강관,주물(강관말뚝),가스관 제조/아파트건설",1977-03-05,12월,이곽우,http://www.dysp.co.kr,충청남도,NULL,JB
310,동양피스톤,92780,"자동차용 엔진 및 자동차 제조업","자동차엔진용 피스톤",2017-12-08,12월,홍순겸,NULL,경기도,NULL,JB
311,동원수산,30720,"어로 어업","원양어업/수산물 제조,가공/참치어류 냉동냉장업",1996-11-22,12월,"WANG KI YONG JR, 왕인상",http://www.dongwonfish.co.kr,서울특별시,NULL,JB
312,동일고무벨트,163560,"고무제품 제조업","산업용고무제품, 종합고무부품",2012-10-19,12월,이윤환,http://www.drbworld.com,부산광역시,NULL,JB
313,동일산업,4890,"1차 철강 제조업","봉강,합금철,철근,마봉강,냉간압조용선재,주조,지선,주강,다이아몬드공구 제조,도매",2005-06-30,12월,"오순택, 오승민",http://www.dongil.co.kr,경상북도,NULL,A
314,동화약품,20,"의약품 제조업","의약품 제조,판매,수출입",1976-03-24,12월,유준하,http://www.dong-wha.co.kr,서울특별시,NULL,A
315,두올,16740,"자동차 신품 부품 제조업","시트 커버 및 시트 원단",2016-07-29,12월,"조인회, 정재열",http://www.idual.co.kr,서울특별시,NULL,BBB
316,드림텍,192650,"전자부품 제조업","모바일 PBA, 지문인식 모듈, 전장 LED 모듈 등",2019-03-14,12월,"김형민, 박찬홍(각자대표)",http://www.idreamtech.co.kr,경기도,NULL,A
317,디아이,3160,"측정, 시험, 항해, 제어 및 기타 정밀기기 제조업; 광학기기 제외","반도체검사장비,전자부품,레저용품,석제품 제조,판매,오파,부동산임대업",1996-07-31,12월,"박원호 조윤형",http://www.di.co.kr,서울특별시,NULL,JB
318,디아이동일,1530,"상품 중개업","면사,화섬사,면포,혼방포,스포츠웨어용 신합섬 제조,도매,수출",1964-01-04,12월,"서태원, 손재선",http://www.dong-il.com,서울특별시,NULL,BBB
319,디아이씨,92200,"자동차 신품 부품 제조업","자동차부품(트란스밋숀,프런트액슬,기어,전동축),변속동력전달장치,특수공구,농기계 및 산업기계부품 제조,무역",2007-10-18,12월,김정렬,http://dicorp.co.kr,울산광역시,NULL,JB
320,디와이,13570,"기타 금융업","자동차부품,유공압기기,소각로,자동세차기,하훼유통,발효기,모터 제조",1989-05-30,12월,김진호,http://www.dy.co.kr,인천광역시,NULL,A
321,디와이파워,210540,"특수 목적용 기계 제조업","유공압기기 등",2015-01-15,12월,박치웅,http://power.dy.co.kr,경상남도,NULL,JB
322,락앤락,115390,"플라스틱제품 제조업","플라스틱 밀폐용기",2010-01-28,12월,이재호,NULL,경기도,NULL,A
323,롯데에너지머티리얼즈,20150,"전자부품 제조업","인쇄회로기판(PCB)용 전해동박(ACF,UCF),에폭시용 동박,전해콘덴서용 알루미늄박 제조,판매",2011-03-04,12월,김연섭,http://www.lotteenergymaterials.com,전라북도,NULL,AA-
324,롯데정밀화학,4000,"기초 화학물질 제조업","염소·셀룰로스계열, 암모니아 계열, 전자재료 등 화학제품 제조",1976-04-15,12월,김용석,http://www.lottefinechem.com,울산광역시,NULL,AA-
325,롯데정보통신,286940,"컴퓨터 프로그래밍, 시스템 통합 및 관리업","SM, SI",2018-07-27,12월,노준형,http://www.ldcc.co.kr,서울특별시,NULL,A+
326,메타랩스,90370,"봉제의복 제조업","여성용 의류(캐쥬얼티셔츠,바지) 제조",2006-12-26,12월,하지성,http://www.metalabs.co.kr,서울특별시,NULL,JB
327,명문제약,17180,"의약품 제조업","의약품(ROBAXIN 주사,KIMITE패취) 제조,판매",2008-07-10,12월,배철한,http://www.mmpharm.co.kr,경기도,NULL,JB
328,명신산업,9900,"자동차 신품 부품 제조업",자동차차체부품,2020-12-07,12월,최우철,http://www.myoungshinindustry.com,경상북도,NULL,A
329,모나미,5360,"생활용품 도매업","BP153(BALL POINT PEN), P-3000(PLUS PEN), 유성매직, 보드마카, 네임펜, PARKER, WARTERMAN, 색연필",1974-06-26,12월,송하경,http://www.monami.com,경기도,NULL,JB
330,모두투어리츠,204210,"부동산 임대 및 공급업","호텔 부동산 취득, 관리, 개량 및 처분",2016-09-22,12월,최동주,http://www.modetourreit.com,서울특별시,NULL,JB
331,모토닉,9680,"자동차 신품 부품 제조업","자동차용 기화기(캬브레타,다이캐스트,연료펌프) 제조,판매",1994-01-14,12월,"김영봉, 신현돈(각자 대표이사)",http://www.motonic.co.kr,서울특별시,NULL,A
332,무림P&P,9580,"펄프, 종이 및 판지 제조업","표백화학펄프(B.K.P) 제조,목재가공,조림사업",1989-06-20,12월,이도균,http://www.moorimpnp.co.kr,울산광역시,NULL,BBB
333,미래산업,25560,"측정, 시험, 항해, 제어 및 기타 정밀기기 제조업; 광학기기 제외","PCB마운터,반도체검사장비(반도체테스트핸들러),LCD 검사장비,리드프레임매가진 제조,도매,무역",1996-11-22,12월,선종업,http://www.mirae.co.kr,충청남도,NULL,JB
334,미래아이앤지,7120,"컴퓨터 프로그래밍, 시스템 통합 및 관리업","CCTV, DVR제조, 금융솔루션, 방산제품",1999-11-26,12월,김학수,http://www.miraeing.co.kr,서울특별시,NULL,JB
335,미원상사,2840,"기타 화학제품 제조업","계면활성제,분황,황산,도료첨가제,프라스틱첨가제 제조",1989-09-25,12월,"홍창식, 강신우(각자대표)",http://www.mwc.co.kr,경기도,NULL,A
336,미원에스씨,268280,"기초 화학물질 제조업",에너지경화수지,2017-05-22,12월,"김형웅, 배원",http://www.miramer.co.kr,전라북도,NULL,A
337,미원홀딩스,107590,"기타 금융업",도료첨가제,2009-03-02,12월,"김정돈, 손응주",NULL,경기도,NULL,BBB
338,미창석유공업,3650,"석유 정제품 제조업","윤활유,고무배합유,전기절연유 제조,판매,수출입",1989-09-27,12월,유재순,http://www.michang.co.kr,부산광역시,NULL,A
339,바다로19호,155900,"운송장비 임대업",NULL,2012-06-29,12월,박현주,NULL,제주특별자치도,NULL,JB
340,백광산업,1340,"기초 화학물질 제조업","가성소다,합성염산 제조,판매",1976-06-10,12월,장영수,http://www.pkic.co.kr,전라북도,NULL,BBB
341,백산,35150,"플라스틱제품 제조업","P.U.인조피혁,부직포인공피혁 제조,무역",1999-08-11,12월,김한준,http://www.baiksan.co.kr,경기도,NULL,BBB
342,범양건영,2410,"건물 건설업","토목공사,주택건설,건축공사,난방공사,전기공사,포장공사",1988-05-25,12월,강병주,http://www.iby.co.kr,부산광역시,NULL,JB
343,벽산,7210,"기타 비금속 광물제품 제조업","단열재, 천장재, 외장재, 내장재, 외단열, 바닥재 등",1972-01-04,12월,"김 성 식",http://www.byucksan.com,서울특별시,NULL,BBB
344,보령,3850,"의약품 제조업","의약품(제산제(겔포스),구심,용각산,고혈압치료제(카프릴),소염진통제(멘소레담),항생제(듀리세프),혈전치료제(아스트릭스)) 제조",1988-10-24,12월,"김정균, 장두현",http://www.boryung.co.kr,서울특별시,NULL,A
345,보해양조,890,"알코올음료 제조업","주류(소주,매취,실비우스,위스키) 제조,음료 도매",1988-09-23,12월,"임지선, 조영석",http://www.bohae.co.kr,전라남도,NULL,JB
346,부광약품,3000,"의약품 제조업","의약품,치약,의약부외품(부광탁스,레가론,부광안티프라그) 제조",1988-08-05,12월,"이우현,유희원(각자대표이사)",http://www.bukwang.co.kr,서울특별시,NULL,JB
347,부산산업,11390,"시멘트, 석회, 플라스터 및 그 제품 제조업","레미콘 제조,판매",1990-09-14,12월,정영교,http://www.busanind.co.kr,부산광역시,NULL,JB
348,비비안,2070,"봉제의복 제조업","여성내의류(스타킹,화운데이숀,란제리),카바링사 제조,수출입/부동산 매매,임대",1976-07-13,12월,손영섭,http://www.vivien.co.kr,서울특별시,NULL,JB
349,비상교육,100220,"서적, 잡지 및 기타 인쇄물 출판업","참고서 출판/소프트웨어 개발,공급",2008-06-30,12월,양태회,http://www.visang.com,서울특별시,NULL,BBB
350,비에이치,90460,"전자부품 제조업","FPCB (연성인쇄회로기판)",2023-06-20,12월,최영식,http://www.bhe.co.kr,인천광역시,NULL,A+
351,비케이탑스,30790,"컴퓨터 프로그래밍, 시스템 통합 및 관리업","시스템통합소프트웨어 개발, 전자상거래",2010-11-02,12월,정상룡,http://www.bktops.co.kr,서울특별시,NULL,JB
352,빙그레,5180,"낙농제품 및 식용빙과류 제조업","아이스크림,우유,스낵,유산균(욥닥터캡슐) 제조",1978-08-31,12월,전창원,http://www.bing.co.kr,경기도,NULL,A
353,사조대림,3960,"수산물 가공 및 저장 처리업","게맛살,어육연제품,식용류,배합사료 제조",1976-09-16,12월,김상훈,http://dr.sajo.co.kr,서울특별시,NULL,A+
354,사조동아원,8040,"곡물가공품, 전분 및 전분제품 제조업","제분, 배합사료 제조",1989-06-24,12월,남동배,http://www.dongaone.com,서울특별시,NULL,JB
355,삼부토건,1470,"토목 건설업","토목공사,건축공사,포장공사,건설업,분양사업/건설자재 제조",1976-06-26,12월,"이응근, 정창래",http://www.sambu.co.kr,서울특별시,NULL,JB
356,삼성공조,6660,"자동차 신품 부품 제조업","자동차부품(라디에터,오일쿨러) 제조,판매",1987-11-28,12월,고호곤,http://www.samsungcc.co.kr,경상남도,NULL,JB
357,삼성에스디에스,18260,"컴퓨터 프로그래밍, 시스템 통합 및 관리업","IT서비스, 물류BPO",2014-11-14,12월,황성우,http://www.samsungsds.com,서울특별시,NULL,AA+
358,삼성엔지니어링,28050,"건축기술, 엔지니어링 및 관련 기술 서비스업","산업설비,건물,구축물,토목시설의 설계,시공,공사감리",1996-12-24,12월,남궁홍,http://www.samsungengineering.co.kr,서울특별시,NULL,AA-
359,삼성전기,9150,"전자부품 제조업","수동소자 (MLCC, Inductor, Chip Resistor 등), 모듈(카메라모듈, 통신모듈), 반도체패키지 기판",1979-02-27,12월,장덕현,http://www.sem.samsung.co.kr,경기도,NULL,AA
360,삼성전자,5930,"통신 및 방송 장비 제조업","통신 및 방송 장비 제조(무선) 제품, 반도체 제조(메모리) 제품, 전자부품 제조(디스플레이) 제품, 영상 및 음향기기 제조(영상기기) 제품 등",1975-06-11,12월,"한종희, 경계현",http://www.samsung.com/sec,경기도,NULL,AA+
361,삼성중공업,10140,"선박 및 보트 건조업","선박(벌크선,원유운반선),철구조물,에너지플랜트 생산,판매/토목건축업",1994-01-28,12월,"최성안, 정진택",http://www.samsungshi.com,경기도,NULL,BBB
362,삼아알미늄,6110,"1차 비철금속 제조업","알루미늄박지,은박지,은박가공품,알페이스트 제조,도매,수출",1980-12-05,12월,"한남희,하상용",http://www.sama-al.com,경기도,NULL,JB
363,삼양통상,2170,"가죽, 가방 및 유사제품 제조업","피혁원단,혁제운동화,혁제장갑,혁제스포츠용품 제조,상품중개,무역",1989-11-10,12월,"허남각, 허준홍 (2인 각자 대표이사)",http://www.samyangts.com,서울특별시,NULL,JB
364,삼영,3720,"플라스틱제품 제조업","합성수지(BOPP,캐파시타),PPC,랩,종이상자(카톤팩) 제조",1976-06-30,12월,"이석준, 조영한",http://www.sycc.co.kr,서울특별시,NULL,JB
365,삼영무역,2810,"기타 전문 도매업","화공약품, 안경렌즈",1988-03-28,12월,이승용,http://www.samyung.co.kr,서울특별시,NULL,A
366,삼영전자공업,5680,"전자부품 제조업","전자부품(알루미늄 전해콘덴서),전기이중층콘덴서,센서 제조,도매",1976-12-28,12월,"변동준, 김성수(각자 대표이사)",http://www.samyoung.co.kr,경기도,NULL,A
367,삼익THK,4380,"일반 목적용 기계 제조업","직선운동시스템,메카트로시스템,기타정밀 자동화기기 제조,판매/전자상거래,인터넷 관련 s/w,h/w 개발,판매,유지보수",1989-09-26,12월,"진영환, 진주완",http://www.samickthk.co.kr,대구광역시,NULL,BBB
368,삼익악기,2450,"악기 제조업","피아노,기타,현악기,전자악기,동 부분품 제조,임대,도매",1988-09-30,12월,"김종섭, 이형국",http://www.samick.co.kr,충청북도,NULL,A-
369,삼일씨엔에스,4440,"시멘트, 석회, 플라스터 및 그 제품 제조업","PHC파일, 골재, 강교제작",2016-03-30,12월,강흥구,http://www.esamilcns.com,서울특별시,NULL,JB
370,삼진제약,5500,"의약품 제조업","의약품(게보린,세트라졸,염산나록손) 제조,판매,수출입,약초재배",1988-06-18,12월,최용주,http://www.samjinpharm.co.kr,서울특별시,NULL,A-
371,삼호개발,10960,"기반조성 및 시설물 축조관련 전문공사업","토공사,철근콘크리트공사,포장공사,미장방수공사,상하수도공사,수중공사,비계구조물해체공사/골재,아스콘 제조,판매,중기임대",2005-05-12,12월,심재범,http://www.samhodev.co.kr/,충청남도,NULL,JB
372,삼화왕관,4450,"기타 금속 가공제품 제조업","납세용 일반병마개,알루미늄캡,플라스틱캡 제조,판매,금속인쇄,수출",1976-05-28,12월,고기영,http://www.samhwa.co.kr,경기도,NULL,JB
373,삼화전기,9470,"전자부품 제조업","콘덴서 제조,판매",1986-11-24,12월,"오영주, 박종온",http://www.samwha.co.kr,충청북도,NULL,JB
374,삼화전자공업,11230,"영상 및 음향기기 제조업","전자부품(페라이트 코어,SMPS,편향요크(DY),고압변성기(FBT)용코어) 제조,판매",1987-05-25,12월,"오영주, 이건화",http://www.samwha.co.kr,경기도,NULL,JB
375,삼화콘덴서공업,1820,"전자부품 제조업","콘덴서(축전기) 제조",1976-06-26,12월,"오영주, 박진",http://www.samwha.com,경기도,NULL,BBB
376,상신브레이크,41650,"자동차 신품 부품 제조업","자동차 브레이크 슈 어셈블리,브레이크패드 제조/군납업,무역/부동산 임대",2004-10-27,12월,"김효일, 박세종",http://www.sangsin.com,대구광역시,NULL,JB
377,새론오토모티브,75180,"자동차 신품 부품 제조업","자동차부품(브레이크패드,라이닝)",2005-10-21,12월,"정경호, 이시이 야스지",http://www.saeronauto.co.kr,충청남도,NULL,JB
378,샘표,7540,"기타 금융업","간장,된장,고추장 제조,가공,판매,무역",1976-06-29,12월,박진선,http://www.sempio.com,서울특별시,NULL,BBB
379,샘표식품,248170,"기타 식품 제조업",간장,2016-08-09,12월,박진선,http://www.sempio.com,서울특별시,NULL,BBB
380,서연,7860,"기타 금융업","자동차부품(승용차내장품-도어트림,헤드라이닝,승용차시트) 제조,도매",1989-09-09,12월,유양석,http://www.seo-yon.com,경기도,NULL,A
381,서연이화,200880,"자동차 신품 부품 제조업","자동차 도어 트림 및 시트",2014-08-08,12월,강용석,http://www.seoyoneh.com,경기도,NULL,BBB
382,서울도시가스,17390,"연료용 가스 제조 및 배관공급업","도시가스공급,가스공급설비공사",1995-08-18,12월,"공동대표이사 박근원 공동대표이사 김진철",http://www.seoulgas.co.kr,서울특별시,NULL,AA-
383,선도전기,7610,"전동기, 발전기 및 전기 변환 · 공급 · 제어 장치 제조업","수배전반,중전기기 제조,도매/전기공사",1989-11-30,12월,하봉수,http://www.seondo.co.kr,경기도,NULL,JB
384,선진,136490,"동물용 사료 및 조제식품 제조업",조제동물사료,2011-02-16,12월,이범권,NULL,경기도,NULL,BBB
385,성문전자,14910,"전자부품 제조업","콘덴서용 증착필름,압력분무식 플러스자동도포기 제조,판매",1990-03-24,12월,신준섭,http://www.smec-korea.co.kr,경기도,NULL,JB
386,성보화학,3080,"비료, 농약 및 살균, 살충제 제조업","완제농약(해비치과립,카스텔란),원제농약(슈퍼유나니,다이아톤) 제조,도매",1976-12-23,12월,윤정선,http://www.sbcc.kr,경기도,NULL,JB
387,성신양회,4980,"시멘트, 석회, 플라스터 및 그 제품 제조업","시멘트,레미콘 제조",1976-06-30,12월,한인호,http://www.sungshincement.co.kr,서울특별시,NULL,BBB
388,성안,11300,"직물직조 및 직물제품 제조업","제직,염색,폴리에스터직물,자수직물봉제 제조,판매/임대료,관리비 수입",1995-11-10,12월,"성동훈, 이준영(각자 대표이사)",http://www.startex.co.kr,대구광역시,NULL,JB
389,성창기업지주,180,"회사 본부 및 경영 컨설팅 서비스업","합판, 마루, 파티클보드, 우드칩, 포르말린 등 제조",1976-06-02,12월,우인석,http://www.sce.kr,부산광역시,NULL,JB
390,세방,4360,"도로 화물 운송업","도로운송,항만하역,창고,지게차 임대",1977-05-19,12월,최종일,http://www.sebang.com,부산광역시,NULL,A+
391,세방전지,4490,"일차전지 및 축전지 제조업","자동차용 및 산업용 축전지(연축전지) 제조,판매",1987-11-28,12월,"대표이사 김대웅",http://www.gbattery.com,서울특별시,NULL,A+
392,세아제강지주,3030,"기타 금융업",경영컨설팅업,1969-05-13,12월,"이주성, 김태현",http://www.seahsteel.co.kr/company/holdings/,서울특별시,NULL,A+
393,세아특수강,19440,"1차 철강 제조업","냉간압조용선재,마봉강,스테인레스봉강 제조",2011-06-01,12월,서영범,http://www.seahsp.co.kr,경상북도,NULL,A
394,세우글로벌,13000,"기타 전문 도매업","화공약품.엔지니어링 플라스틱,페놀계제품,석유화학제품 판매/철재가구,사무목재가구 제조/교육사업",1989-09-05,12월,안백순,http://www.sewoo21.co.kr,인천광역시,NULL,JB
395,세원이앤씨,91090,"구조용 금속제품, 탱크 및 증기발생기 제조업","화학플랜트 설비,기계 제작(음식료,석유화학사업관련)/유공압기기 판매",2006-07-31,12월,"이종인, 김동화 (각자대표이사)",http://www.sewonenc.com,경상남도,NULL,JB
396,세종공업,33530,"자동차 신품 부품 제조업","자동차부품,자동차소음기(머플러),배기가스정화기,배기계통부품 제조",2002-09-25,12월,"김익석, 최정연 (각자 대표이사)",http://www.sjku.co.kr,울산광역시,NULL,A-
397,세진중공업,75580,"선박 및 보트 건조업","선박 Deck House, LPG Tank, Upper Deck Unit, 해양플랜트 Living Quarter",2015-11-30,12월,최양환,http://www.sejinheavy.com,울산광역시,NULL,JB
398,셀트리온,68270,"기초 의약물질 및 생물학적 제제 제조업","램시마, 트룩시마, 허쥬마",2018-02-09,12월,기우성,http://www.celltrion.com,인천광역시,NULL,AA
399,솔루스첨단소재,336370,"전자부품 제조업","동박, 유압기기 등",2019-10-18,12월,"진대제, 서광벽(각자 대표이사)",http://www.solusadvancedmaterials.com,전라북도,NULL,A+
400,솔루엠,248070,"전자부품 제조업","POWER, 3in1 Board, ESL 등",2021-02-02,12월,전성호,http://www.solu-m.com,경기도,NULL,BBB
401,송원산업,4430,"기타 화학제품 제조업","폴리머첨가제(PVC안정제,산화방지제),폴리우레탄수지,프라스틱첨가제 제조",1977-06-25,12월,"김충식 대표이사",http://www.songwon.com,울산광역시,NULL,A+
402,수산인더스트리,126720,"건물설비 설치 공사업","전력발전설비 정비 용역",2022-08-01,12월,"한봉섭,김병현(각자대표)",http://www.soosanind.co.kr,충청남도,NULL,A
403,수산중공업,17550,"특수 목적용 기계 제조업","유압브레이커,트럭크레인,플라즈마 파암장비,특장차,산업기계,건설기계 제조,도매",1991-08-30,12월,"정석현, 신수근(각자 대표이사)",http://www.soosan.co.kr,경기도,NULL,BBB
404,시디즈,134790,"가구 제조업",의자,2011-01-25,12월,강성문,http://www.sidiz.com,경기도,NULL,JB
405,신대양제지,16590,"골판지, 종이 상자 및 종이용기 제조업","골판지용 골심지,라이너지 제조,수출입",1995-12-21,12월,"권혁홍, 이상천(각자 대표이사)",http://www.dygroup.co.kr,경기도,NULL,A
406,신도리코,29530,"컴퓨터 및 주변장치 제조업","복사기, 3D프린터, 프린터, 주변기기 제조,판매",1996-12-24,12월,박동안,http://www.sindoh.com,서울특별시,NULL,AA-
407,신라교역,4970,"어로 어업","원양어업(참치,명태,휠레트,연육,명란,새우),어획물 판매/직물 수출",1976-06-30,12월,김호운,http://www.sla.co.kr,서울특별시,NULL,A
408,신성이엔지,11930,"반도체 제조업","태양전지, 태양광모듈 제조 및 판매, 태양광 발전설치공사, 클린룸, 자동화장비",1996-07-31,12월,"이지선, 안윤수",http://www.shinsungeng.com,경기도,NULL,JB
409,신세계I&C,35510,"컴퓨터 프로그래밍, 시스템 통합 및 관리업","IT시스템 개발, 운영 및 유지보수, IT 컨설팅, IT장비솔루션 총판, 아웃소싱, IDC, IT기기 및 휴대폰 유통, 전자상품권",2006-05-18,12월,형태준,http://www.shinsegae-inc.com,서울특별시,NULL,A
410,신세계인터내셔날,31430,"섬유, 의복, 신발 및 가죽제품 소매업","섬유, 의복, 신발 및 가죽제품 소매",2011-07-14,12월,"윌리엄 김(KIM WILLIAM PAK)",http://www.sikorea.co.kr,서울특별시,NULL,A+
411,신송홀딩스,6880,"산업용 농·축산물 및 동·식물 도매업","사업경영 및 관리자문",2013-11-21,12월,조갑주,http://www.singsongholdings.com,서울특별시,NULL,JB
412,신영와코루,5800,"봉제의복 제조업","여성용 내의류(화운데이션,란제리,블래지어),환자,노령자용 파자마,남성용 내의류 제조",1976-12-28,12월,"이의평, 이성원",http://www.shinyoungwacoal.co.kr/,서울특별시,NULL,JB
413,신풍,2870,"기타 전문 도매업","마닐라판지 제조,도소매",1976-06-30,12월,정학헌,http://spinc.co.kr,경기도,NULL,JB
414,신풍제약,19170,"의약품 제조업","의약품(항생제,혈전용해제,향정신성약품,구충제) 제조,판매",1990-01-20,12월,"유 제 만",http://www.shinpoong.co.kr,경기도,NULL,JB
415,신흥,4080,"기계장비 및 관련 물품 도매업","치과용기자재(방사선장치,전기진단장치),주사침 도소매,제조/부동산 임대",1991-02-08,12월,이용익,http://www.shinhung.co.kr,서울특별시,NULL,JB
416,쌍방울,102280,"봉제의복 제조업",NULL,2008-06-10,12월,김세호,http://www.sbw.co.kr,서울특별시,NULL,JB
417,써니전자,4770,"전자부품 제조업","수정진동자,수정발진기,초음파지연선,MCF,축수나사 제조,도매,수출입",1987-04-22,12월,차상권,http://www.sunny.co.kr,충청북도,NULL,JB
418,쎌마테라퓨틱스,15540,"기타 사업지원 서비스업","교육서비스, 의약품개발, 상품권유통",1989-09-02,12월,송관호,http://www.thelma.co.kr,서울특별시,NULL,JB
419,쏘카,403550,"운송장비 임대업","카셰어링, 모빌리티 플랫폼 등",2022-08-22,12월,박재욱,http://www.socarcorp.kr,제주특별자치도,NULL,BBB
420,씨아이테크,4920,"그외 기타 제품 제조업","컴퓨터 소프트웨어,하드웨어 서버,도매",1989-11-30,12월,김대영,http://www.citech.kr,서울특별시,NULL,JB
421,씨에스윈드,112610,"구조용 금속제품, 탱크 및 증기발생기 제조업","풍력발전타워 제조",2014-11-27,12월,"김성권, 김승범",http://www.cswind.com,서울특별시,NULL,A
422,씨티알모빌리티,308170,"자동차 신품 부품 제조업","이너레이스, 오디 클러치보스, 로터샤프트, 슬리브기어, 컨트롤 암, 엑슬",2019-11-25,12월,"이동옥, 강태룡",http://www.centralmotek.co.kr,울산광역시,NULL,JB
423,아남전자,8700,"영상 및 음향기기 제조업","칼라TV,오디오,비디오 제조,도매",1984-08-11,12월,김태수,http://www.aname.co.kr,서울특별시,NULL,JB
424,아모레퍼시픽,90430,"기타 화학제품 제조업","화장품,생활용품 제조, 판매",2006-06-29,12월,"서경배, 김승환, 이동순",http://www.apgroup.com,서울특별시,NULL,AA-
425,아모레퍼시픽그룹,2790,"기타 화학제품 제조업",지주회사,1973-04-30,12월,"서경배, 이상목",http://www.apgroup.com,서울특별시,NULL,AA-
426,아세아,2030,"회사 본부 및 경영 컨설팅 서비스업","회사본부,지주회사 및 경영컨설팅 서비스업",1974-06-03,12월,"이훈범, 오기호",http://asiaholdings.co.kr,서울특별시,NULL,A+
427,아세아시멘트,183190,"시멘트, 석회, 플라스터 및 그 제품 제조업","시멘트, 레미콘, 몰탈",2013-11-06,12월,"임경태, 김웅종",http://www.asiacement.co.kr,서울특별시,NULL,A
428,아세아제지,2310,"골판지, 종이 상자 및 종이용기 제조업","골판지원지,석고보드원지,크라프트원지,라이나원지,라이너지 제조,판매",1988-12-15,12월,"유승환, 이현탁",http://www.asiapaper.co.kr,서울특별시,NULL,A
429,아센디오,12170,"영화, 비디오물, 방송프로그램 제작 및 배급업","석탄(점결탄) 판매",1989-12-20,12월,"신동철, 강재현",http://ascendio.co.kr,서울특별시,NULL,JB
430,아시아나항공,20560,"항공 여객 운송업","항공운송(여객운송,화물운송)/항공기 제조,정비수리",2008-03-28,12월,원유석,http://www.flyasiana.com,서울특별시,NULL,BBB
431,아이마켓코리아,122900,"상품 종합 도매업","B2B 전자상거래",2010-07-30,12월,남인봉,http://www.imarketkorea.com,서울특별시,NULL,BBB
432,아이에스동서,10780,"시멘트, 석회, 플라스터 및 그 제품 제조업","타일,위생도기,콘크리트파일,P.C관,침목 제조,도매",1986-01-27,12월,"허석헌, 정원호, 김갑진, 이준길",http://www.isdongseo.co.kr,서울특별시,NULL,AA-
433,아이에이치큐,3560,"영화, 비디오물, 방송프로그램 제작 및 배급업","매니지먼트, 음반, 드라마 제작, 유료방송, 프로그램 공급, 광고대행",1973-12-18,12월,김형철,http://www.ihq.co.kr,서울특별시,NULL,JB
434,아주스틸,139990,"1차 철강 제조업","프리미엄 가전용 고품질 컬러강판, 건자재 등",2021-08-20,12월,이학연,http://www.ajusteel.com,경상북도,NULL,JB
435,애경산업,18250,"기타 화학제품 제조업","Age 20's,루나, 트리오, 2080치약, 순샘, 제트 등",2018-03-22,12월,"채동석, 임재영",http://www.aekyung.co.kr,서울특별시,NULL,A
436,애경케미칼,161000,"기초 화학물질 제조업",오르토프탈산디옥틸,2012-09-17,12월,표경원,http://www.aekyungchemical.co.kr,서울특별시,NULL,A+
437,에넥스,11090,"가구 제조업","씽크상판,주방기기,목재케비넷,유해가스저감장치시설 제조,판매",1995-07-08,12월,박진규,http://www.enex.co.kr,서울특별시,NULL,JB
438,에스엘,5850,"자동차 신품 부품 제조업","자동차부품(자동차램프, 전동화부품, 전자부품) 제조, 판매",1988-11-08,12월,"이성엽,김한영",http://www.slworld.com,대구광역시,NULL,AA-
439,에스엠벡셀,10580,"자동차 신품 부품 제조업","자동차부품(워터펌프,오일펌프,엔진헤드(GV6),프론트케이스) 제조",1994-12-27,12월,정병수,http://www.smbexel.com,충청남도,NULL,JB
440,에스원,12750,"경비, 경호 및 탐정업","부가통신 서비스(경비),안전관리용역,CCTV카메라",1996-01-30,12월,"남궁범, 모리야 키요시",http://www.s1.co.kr,서울특별시,NULL,AA-
441,에스제이엠,123700,"자동차 신품 부품 제조업",자동차및산업용Bellows,2010-05-31,12월,"김휘중 (단독 대표이사)",NULL,경기도,NULL,JB
442,에스제이엠홀딩스,25530,"자동차 부품 및 내장품 판매업",지주회사및경영자문,1997-02-12,12월,"김용호, 김휘중(각자대표이사)",http://www.sjmholdings.co.kr,경기도,NULL,BBB
443,에스케이바이오팜,326030,"자연과학 및 공학 연구개발업","신경질환 및 정신질환을 포함한 중추신경 관련 신약 개발",2020-07-02,12월,이동훈,NULL,경기도,NULL,BBB
444,에쓰씨엔지니어링,23960,"토목 건설업","기술용역(건축설계) 서비스/화학플랜트 설비,기계 제작(음식료,석유화학사업관련)/유공압기기 판매",1997-06-23,12월,김건우,http://www.sc-eng.com,서울특별시,NULL,JB
445,에이블씨엔씨,78520,"기타 화학제품 제조업","화장품 제조,도소매/소프트웨어 자문,개발,공급/전자상거래",2011-09-07,12월,김유진,http://www.able-cnc.com,서울특별시,NULL,JB
446,에이엔피,15260,"전자부품 제조업","전자부품(인쇄회로기판),무정전 전원공급장치 제조",1988-01-18,12월,전운관,http://anpcb.co.kr,인천광역시,NULL,JB
447,에이프로젠,7460,"기타 금속 가공제품 제조업","단열장치,철구조물,가열로,특수단열재(금속표면경화육성,원자로용) 제조/단열공사/부동산 임대",1995-07-08,12월,이승호,http://www.aprogen.com,경기도,NULL,JB
448,에이프로젠바이오로직스,3060,"의약품 제조업","의약품(항생제,영양수액제,드링크제,철결핍성빈혈예방치료제,경옥동충하초) 제조,판매",1984-10-19,12월,"김정출, 이승호",http://www.aprogen-pharm.com,서울특별시,NULL,JB
449,에이플러스에셋,244920,"보험 및 연금관련 서비스업","보험대리 및 중개업",2020-11-20,12월,"곽근호, 서성식, 조규남",NULL,서울특별시,NULL,JB
450,엔에이치엔,181710,"소프트웨어 개발 및 공급업",한게임,2013-08-29,12월,정우진,http://www.nhn.com,경기도,NULL,AA-
451,엔케이,85310,"구조용 금속제품, 탱크 및 증기발생기 제조업","고압가스용기,선박용,육상용 소화설비장치,천연가스이동식충전소 제조,도매",2008-01-24,12월,"천남주, 박제완",http://www.nkcf.com,부산광역시,NULL,JB
452,엔피씨,4250,"플라스틱제품 제조업","산업용기프라스틱제품(플라스틱 파렛트,시트 파렛트) 제조,판매",1969-09-08,12월,최병민,http://www.npc.co.kr,경기도,NULL,BBB
453,엘브이엠씨,900140,"자동차 판매업",지주회사,2010-11-30,12월,"오세영, 노성석, 김선발 (각자 대표이사)",http://www.lvmcholdings.net,"케이맨 제도",NULL,JB
454,엘에스일렉트릭,10120,"전동기, 발전기 및 전기 변환 · 공급 · 제어 장치 제조업","고압기기,저압기기,변압기,배전반,PLC,인버터,빌딩설비,공조기,건축배관,자동화기기 제조,동가공",1994-07-11,12월,"구자균, 구동휘, 김동현",http://www.ls-electric.com,경기도,NULL,AA-
455,엠씨넥스,97520,"영상 및 음향기기 제조업","모바일 카메라모듈,전장 카메라모듈,블랙박스,IP 카메라",2021-07-06,12월,민동욱,http://www.mcnex.co.kr,인천광역시,NULL,A
456,영보화학,14440,"플라스틱제품 제조업","가교발포폴리에틸렌(아티론,영보드) 제조,판매",1997-08-27,12월,이영식,http://www.youngbo.com,충청북도,NULL,JB
457,영원무역,111770,"상품 종합 도매업",스포츠의류,2009-07-30,12월,성기학,NULL,서울특별시,NULL,AA-
458,영원무역홀딩스,9970,"기타 금융업","스포츠의류(등산복,운동복,스키복) 도소매,수출,섬유봉제",1988-11-07,12월,성래은,NULL,서울특별시,NULL,AA-
459,영풍,670,"1차 비철금속 제조업","제1차 금속산업(아연괴,황산,카드뮴괴),건전지 제조,무역",1976-06-12,12월,"박영민, 배상윤",http://www.ypzinc.co.kr,서울특별시,NULL,AA-
460,영풍제지,6740,"골판지, 종이 상자 및 종이용기 제조업","골판지원지,지관원지,라이나원지 제조",1996-07-03,12월,조상종,http://www.yp21.co.kr,경기도,NULL,JB
461,영흥,12160,"1차 철강 제조업","와이어로프 등",2010-01-25,12월,"강근욱, 강희준 (각자대표이사)",http://www.youngwire.com,충청남도,NULL,JB
462,오뚜기,7310,"기타 식품 제조업","라면,마요네즈,카레,스프,당면,소오스,토마토케첩,마가린,냉동생지(바게트,크로와상),참치캔,식초,3분짜장 제조",1994-08-12,12월,"함영준, 황성만",http://www.ottogi.co.kr,경기도,NULL,A+
463,오리온,271560,"기타 식품 제조업","스낵 등 과자류",2017-07-07,12월,이승준,http://www.orionworld.com,서울특별시,NULL,AA
464,오리온홀딩스,1800,"기타 금융업","자회사 관리 지주사업 등",1975-06-27,12월,허인철,http://www.oriongroup.co.kr,서울특별시,NULL,AA-
465,용평리조트,70960,"일반 및 생활 숙박시설 운영업","리조트 운영, 콘도 분양",2016-05-27,12월,"신달순, 임학운 공동대표",http://www.yongpyong.co.kr,강원특별자치도,NULL,JB
466,우성,6980,"곡물가공품, 전분 및 전분제품 제조업","배합사료,Suit-feed(맞춤 TMR(육성우,건유우,착유우) 사료),농후사료,곡류(강피류 등 부산물) 제조,판매/부동산 임대,무역",1988-10-10,12월,한재규,http://wsgroup.co.kr,대전광역시,NULL,JB
467,우신시스템,17370,"특수 목적용 기계 제조업","자동차차체자동화용접조립라인,용접설비,자동용접장비 제조,판매",2002-05-28,12월,허우영,http://www.wooshinsys.co.kr,서울특별시,NULL,JB
468,우진,105840,"측정, 시험, 항해, 제어 및 기타 정밀기기 제조업; 광학기기 제외",원전용계측기,2010-07-26,12월,"이재상, 백승한 각자대표",http://www.woojininc.com,경기도,NULL,JB
469,우진아이엔에스,10400,"건물설비 설치 공사업","반도체/디스플레이 코팅덕트",2018-09-14,12월,홍경모,http://www.woojini.com,서울특별시,NULL,JB
470,우진플라임,49800,"특수 목적용 기계 제조업","플라스틱사출성형기 제조,판매",2006-05-24,12월,김익환,http://www.woojinplaimm.com,충청북도,NULL,JB
471,웅진,16880,"회사 본부 및 경영 컨설팅 서비스업","교육서비스(웅진아이큐,중.고교학습,어린이마을),도서,잡지 출판/부동산 임대/인터넷관련사업",1994-11-05,12월,"윤새봄, 이수영 각자대표",http://www.woongjin.com,서울특별시,NULL,BBB
472,웅진씽크빅,95720,"초등 교육기관","기타출판 제조/서적,교구,통신판매 도소매/부동산 임대/교구렌탈,컴퓨터운용관련서비스",2007-05-31,12월,이재진,http://www.wjthinkbig.com,경기도,NULL,BBB
473,원림,5820,"직물직조 및 직물제품 제조업","고무,플라스틱제품,산업용포장재,PP.BAG,타포린 제조,도매/부동산 임대/주택 신축,판매/인터넷 정보통신/벤처회사 투자",1990-04-20,12월,신성엽,http://www.wonlim.co.kr,서울특별시,NULL,JB
474,웰바이오텍,10600,"상품 중개업","피혁의류 도,소매,의류 판매,수입,피혁(GRAIN LEATHER) 제조",1997-07-18,12월,구세현,http://www.wellbiotec.co.kr,서울특별시,NULL,JB
475,유니드,14830,"기초 화학물질 제조업","탄산칼륨,가성칼륨,가성카리,탄산카리(무기화합물),MDF(가공목재) 제조,도매",2004-12-03,12월,"정의승, 이우일",http://www.unid.co.kr,서울특별시,NULL,A+
476,유니온,910,"시멘트, 석회, 플라스터 및 그 제품 제조업","백시멘트,타일시멘트,알루미나시멘트,용융알루미나,급결제,필터프레스,유니필터제조,도매",1996-07-03,12월,"이건영, 이우선",http://www.unioncement.com,서울특별시,NULL,JB
477,유니온머티리얼,47400,"내화, 비내화 요업제품 제조업","페라이트,세라믹 제조,도매",2009-09-29,12월,"김진영, 이우선",http://unionmaterials.com,대구광역시,NULL,JB
478,유니퀘스트,77500,"기계장비 및 관련 물품 도매업","반도체직접회로 도매,무역,제조",2004-08-05,12월,앤드류김,http://www.uniquest.co.kr,경기도,NULL,A
479,유수홀딩스,700,"회사 본부 및 경영 컨설팅 서비스업",지주사업,1956-03-03,12월,송영규,http://www.eusu-holdings.com,서울특별시,NULL,A
480,유엔젤,72130,"자료처리, 호스팅, 포털 및 기타 인터넷 정보매개 서비스업","소프트웨어(무선인터넷 솔루션,ASP통신사업자용 지능망솔루션 및 단문메세지센터) 개발,공급",2003-07-01,12월,유지원,http://www.uangel.com,경기도,NULL,JB
481,유유제약,220,"의약품 제조업","의약품 제조,판매",1975-11-18,12월,"유원상, 박노용(각자대표)",http://www.yuyu.co.kr,충청북도,NULL,JB
482,유한양행,100,"의약품 제조업","의약품(삐콤씨, 안티푸라민, 렉라자, 로수바미브, 코푸시럽 등), 생활용품(유한락스, 해피홈, 유한젠), 동물약품",1962-11-01,12월,"대표이사 조욱제",http://www.yuhan.co.kr,서울특별시,NULL,AA-
483,이건산업,8250,"나무제품 제조업","컨테이너용합판,목재 파렛트,프레스우드 파렛트,가공목재,제재목 제조/부동산 임대",1988-10-21,12월,이길수,http://www.eagon.com,인천광역시,NULL,BBB
484,이노션,214320,광고업,"광고대행 및 광고물의 제작 등",2015-07-17,12월,이용우,http://www.innocean.com,서울특별시,NULL,AA-
485,이수페타시스,7660,"전자부품 제조업","P.C.B(인쇄회로기판),M.L.B 제조",2003-10-07,12월,최창복,http://www.petasys.com,대구광역시,NULL,BBB
486,이아이디,93230,"기타 전문 도매업","무선통신기기부품,전시용 핸드폰모형기(ADM) 제조",2007-11-01,12월,김성규,http://www.eid21.co.kr,경기도,NULL,JB
487,이엔플러스,74610,"일반 목적용 기계 제조업","소방자동차 제조",2003-12-23,12월,"안영용, 최용인, 강태경 각자대표",http://www.en3.co.kr,경기도,NULL,JB
488,이연제약,102460,"의약품 제조업","항생제,순환기제",2010-06-10,12월,"정순옥, 유용환 (각자 대표이사)",http://reyonpharm.co.kr,서울특별시,NULL,JB
489,이화산업,760,"기타 전문 도매업","염료(반응성염료,분산염료,범용염료,직접염료,산성염료),염료화성품,합성수지,고무 도매,제조",1994-04-29,12월,홍성우,http://www.rifa.co.kr,서울특별시,NULL,JB
490,인디에프,14990,"봉제의복 제조업","여성의류,남성의류,캐쥬얼웨어 제조",1989-06-20,12월,손수근,http://www.inthef.co.kr,서울특별시,NULL,JB
491,인스코비,6490,"전기 통신업","시계,스마트그리드,도소매,소프트웨어개발",1985-01-17,12월,"유인수, 구자갑 (각자 대표이사)",http://www.inscobee.com,서울특별시,NULL,JB
492,인지컨트롤스,23800,"자동차 신품 부품 제조업","자동차부품(터머스위치,터머스탯) 제조",1997-06-23,12월,"정구용, 정혜승, 김홍집(각자대표이사)",http://www.inzi.co.kr,경기도,NULL,JB
493,인천도시가스,34590,"연료용 가스 제조 및 배관공급업","도시가스 공급/가스설비공사",2006-11-07,12월,정진혁,http://www.icgas.co.kr,인천광역시,NULL,BBB
494,인터지스,129260,"도로 화물 운송업","화물운송,알선,하역",2011-12-16,12월,박동호,http://www.intergis.co.kr,부산광역시,NULL,JB
495,인팩,23810,"자동차 신품 부품 제조업","자동차용 케이블,전자정보통신관련기기 제조,도매",2004-09-21,12월,"최웅선,최장돈",http://www.infac.com,서울특별시,NULL,JB
496,일동제약,249420,"의약품 제조업","아로나민, 후루마린, 큐란, 라비에트, 사미온 등",2016-08-31,12월,윤웅섭,http://www.ildong.com,서울특별시,NULL,BBB
497,일동홀딩스,230,"의약품 제조업","의약품 제조,도매",1975-06-28,12월,박대창,http://www.ildong.com,서울특별시,NULL,JB
498,일성건설,13360,"토목 건설업","건축공사,토목공사,전기공사",1989-12-02,12월,유필상,http://www.ilsungconst.co.kr,인천광역시,NULL,JB
499,일신방직,3200,"방적 및 가공사 제조업","면사,P/C혼방사,P/C혼방직물,화섬사 제조,수출",1973-05-23,12월,김정수,http://www.ilshin.co.kr,서울특별시,NULL,A+
500,일양약품,7570,"의약품 제조업","일반의약품(원비디,영비천,아진탈,디세텔,노루모산),항암제(베타-이뮤난),전문의약품 제조,판매,수출입",1974-08-28,12월,"김동연, 정유석",http://www.ilyang.co.kr,경기도,NULL,A-
501,일정실업,8500,"편조원단 제조업","자동차시트원단,의류,완구직물 제조,염색가공",1994-08-12,12월,"고동수, 최돈호",http://www.iljeong.co.kr,경기도,NULL,JB
502,일진다이아,81000,"기타 화학제품 제조업","공업용 합성다이아몬드 제조,도매,수출입",2004-12-22,12월,신광섭,http://www.iljindiamond.co.kr,충청북도,NULL,A
503,일진디스플,20760,"반도체 제조업","박막액정표시장치(TFT-LCD) 패널,LT(리튬탄탈에이트)웨이퍼,분말야금제품(초고압용공구),보석다이아몬드 제조,판매/종합건설",2002-01-09,12월,"김기환, 이교진",http://www.iljindisplay.co.kr,충청북도,NULL,JB
504,일진홀딩스,15860,"기타 금융업","전기산업용기기(개폐기,차단기,배전반),자동화시스템,자동차엔진부품,절연전선,금구류,고압선,저압선 제조,판매/전기공사,가스절연차단기",1990-03-22,12월,허정석,http://www.iljin.co.kr,경기도,NULL,A+
505,잇츠한불,226320,"기타 화학제품 제조업","스킨케어 베이직, 포인트 메이크업, 스킨케어 스페셜, 베이스 메이크업 등",2015-12-28,12월,김양수,http://www.itshanbul.com,서울특별시,NULL,JB
506,자이에스앤디,317400,"부동산 임대 및 공급업","부동산 관리, 정보통신 공사, 아파트 AS 및 옵션 제품 공급, 건축물 시공 및 분양",2019-11-06,12월,엄관석,http://www.xisnd.com/,서울특별시,NULL,A+
507,자화전자,33240,"전자부품 제조업","Bonded magenet,플라스틱자성제품,티탄산 바륨계 반도체소자,휴대전화용 Vibration Motor,전자관,전자부품 제조",1999-01-06,12월,"김상면, 김찬용(각자대표)",http://www.jahwa.co.kr,충청북도,NULL,JB
508,제이에스코퍼레이션,194370,"가죽, 가방 및 유사제품 제조업","핸드백 및 지갑",2016-02-04,12월,홍재성,http://www.jskor.com,서울특별시,NULL,A-
509,제이준코스메틱,25620,"기타 화학제품 제조업","화장품 제조 판매",1995-07-08,12월,"양재원, 고병철 (각자 대표이사)",http://www.jayjun.kr,인천광역시,NULL,JB
510,제일기획,30000,광고업,"광고 대행/광고물,영화 제작,인쇄,출판",1998-03-03,12월,김종현,http://www.cheil.co.kr,서울특별시,NULL,AA
511,제일약품,271980,"의약품 제조업",의약품,2017-07-17,12월,성석제,http://www.jeilpharm.co.kr,서울특별시,NULL,JB
512,제일연마,1560,"기타 비금속 광물제품 제조업","연마석,다이아몬드공구 제조,도소매/주택건설",2005-12-09,12월,"오유인, 오현수, 추헌주 (각자 대표)",http://www.grinding.co.kr,경상북도,NULL,JB
513,제일파마홀딩스,2620,"회사 본부 및 경영 컨설팅 서비스업","의약품(타리비드,제일파프,노엘,푸라솔) 제조,도매",1988-01-20,12월,한상철,http://www.jeilpharm.co.kr,서울특별시,NULL,BBB
514,제주항공,89590,"항공 여객 운송업","여객운송서비스, 화물운송서비스",2015-11-06,12월,김이배,http://www.jejuair.net,제주특별자치도,NULL,BBB
515,조광페인트,4910,"기타 화학제품 제조업","도료(우레탄,에나멜,락카,특수도료) 제조,도매",1976-12-27,12월,양성아,http://www.chokwangpaint.co.kr,부산광역시,NULL,BBB
516,조선내화,480,"내화, 비내화 요업제품 제조업","내화연와(정형,부정형,S/N,CCN),단열벽돌,스라이딩노즐,연주용 특수내화물 제조",1978-06-30,12월,이상암,http://www.chosunref.co.kr,전라남도,NULL,A
517,조흥,2600,"기타 식품 제조업","휘핑크림,인스턴트이스트,프루츠칵테일,크림치즈,견과류,건조과일 제조,판매/주택 신축,판매",1976-12-23,12월,김성태,http://www.choheung.co.kr,경기도,NULL,JB
518,종근당바이오,63160,"의약품 제조업","의약품,원료의약품 제조",2001-12-11,12월,이정진,http://www.ckdbio.com,서울특별시,NULL,JB
519,주연테크,44380,"컴퓨터 및 주변장치 제조업","각종컴퓨터,주변기기 제조/소프트웨어 개발",2006-11-15,12월,김희라,http://www.jooyon.co.kr,서울특별시,NULL,JB
520,지누스,13890,"가구 제조업","매트리스 및 가구제품",2019-10-30,12월,심재형,http://www.zinus.co.kr,경기도,NULL,A+
521,지엠비코리아,13870,"자동차 신품 부품 제조업","VS, TIB, CVJoint 등",2012-11-20,12월,"정세영, 송병영",http://www.gmb.co.kr,경상남도,NULL,BBB
522,지역난방공사,71320,"증기, 냉·온수 및 공기조절 공급업","집단에너지공급 및 전기,증기 생산,판매",2010-01-29,12월,정용기,http://www.kdhc.co.kr,경기도,NULL,AA-
523,지투알,35000,"회사 본부 및 경영 컨설팅 서비스업",지주회사,1999-08-11,12월,박애리,http://www.g2rgroup.com/korean/main/main.asp,서울특별시,NULL,BBB
524,진도,88790,"기타 전문 도매업","모피제품 제조,가공",2006-03-28,12월,임병남,http://www.jindofand.co.kr,서울특별시,NULL,JB
525,진양산업,3780,"플라스틱제품 제조업","합성수지,폴리우레탄스폰지 제조,도매,수출입",1973-06-26,12월,조영태,http://www.cyc1963.com,경상남도,NULL,JB
526,진양폴리우레탄,10640,"플라스틱제품 제조업","폴리우레탄,폴리우레탄스폰지 제조,판매",1989-09-30,12월,조영태,http://www.chinyangpoly.kr,경기도,NULL,JB
527,진양홀딩스,100250,"플라스틱제품 제조업","투자,경영컨설팅",2008-02-15,12월,"양준영, 최창호(각자대표이사)",http://cyholdings.kr,부산광역시,NULL,BBB
528,진원생명과학,11000,"의약품 제조업",플라스미드,1987-11-16,12월,박영근,http://www.genels.com,서울특별시,NULL,JB
529,참엔지니어링,9310,"특수 목적용 기계 제조업","FPD Laser Repair 장비 등 (FPD 장비의 개발과 제조 및 판매)",1987-11-12,12월,변인재,http://www.charmeng.com,경기도,NULL,JB
530,청호ICT,12600,"일반 목적용 기계 제조업","금융단말기(현금자동입출금기,온라인단말기),통신기기 제조,판매",1990-07-10,12월,"김두철 대표이사",http://www.chunghoict.com,경기도,NULL,JB
531,카카오,35720,"자료처리, 호스팅, 포털 및 기타 인터넷 정보매개 서비스업","인터넷 서비스(인터넷 광고)",2017-07-10,12월,"홍은택 대표이사",http://www.kakaocorp.com,제주특별자치도,NULL,AA
532,카카오페이,377300,"금융 지원 서비스업","간편결제, 간편송금 및 기타 금융서비스",2021-11-03,12월,신원근,http://www.kakaopay.com,경기도,NULL,AA-
533,컨버즈,109070,"통신 및 방송 장비 제조업","ICS중계기, 블랙박스",2009-03-17,12월,곽종호(단독대표),http://www.conbuzz.co.kr,충청남도,NULL,JB
534,케이씨,29460,"측정, 시험, 항해, 제어 및 기타 정밀기기 제조업; 광학기기 제외","가스/Chemical 공급 장치 등 제조 및 판매",1997-11-25,12월,"고상걸, 권홍빈(각자대표이사)",http://www.kct.co.kr,경기도,NULL,AA-
535,케이씨티시,9070,"도로 화물 운송업","화물자동차운송,항만하역,창고보관,컨테이너조작,중량물해상운송",1978-09-29,12월,류주환,http://www.kctc.co.kr,서울특별시,NULL,BBB
536,케이티앤지,33780,"담배 제조업","잎담배,제조담배,홍삼,홍삼제품 제조,판매",1999-10-08,12월,"Baek, Bok-In",http://www.ktng.com,대전광역시,NULL,AA
537,코리아써키트,7810,"전자부품 제조업","인쇄회로기판,Module 제조/부동산(건물) 임대",1985-09-09,12월,장세준,http://www.kcg.co.kr,경기도,NULL,A+
538,코스모화학,5420,"기타 화학제품 제조업","이산화티타늄 및 부산물, 황산코발트 및 부산물",1987-07-23,12월,안성덕,http://www.cosmochem.co.kr,서울특별시,NULL,BBB
539,코아스,71950,"가구 제조업","사무용가구,금속가구 도매,제조",2005-08-04,12월,노재근,http://www.ikoas.com,서울특별시,NULL,JB
540,코오롱글로벌,3070,"토목 건설업","토목공사,일반건설,주택건설,해외건설,소각로설비공사/환경플랜트,폐처리기 제조",1978-09-15,12월,김정일,http://www.kolonglobal.com,경기도,NULL,A
541,코오롱플라스틱,138490,"합성고무 및 플라스틱 물질 제조업",엔지니어링플라스틱,2011-06-15,12월,허성,http://www.kolonplastics.com,경상북도,NULL,BBB
542,콤텍시스템,31820,"컴퓨터 프로그래밍, 시스템 통합 및 관리업","시스템(네트웍) 구축/데이터통신장비(모뎀,먹스),종합네트워크시스템 제조,설치,유지보수",1997-02-12,12월,"권창완, 김완호 (각자 대표집행임원)",http://www.comtec.co.kr,서울특별시,NULL,BBB
543,쿠쿠홀딩스,192400,"기타 금융업","주방용 전기기기 제조업",2014-08-06,12월,구본학,http://www.cuckoo.co.kr,경상남도,NULL,AA-
544,쿠쿠홈시스,284740,"개인 및 가정용품 임대업","정수기, 공기청정기 등",2018-01-11,12월,구본학,"http://www,cuckoo.co.kr",경기도,NULL,A+
545,크라운해태홀딩스,5740,"기타 금융업","비스켓,쵸코렛,사탕,웨이퍼 제조,도매",1976-06-30,12월,윤석빈,http://www.crown.co.kr,서울특별시,NULL,A-
546,크래프톤,259960,"소프트웨어 개발 및 공급업","<배틀그라운드> 등 게임 소프트웨어",2021-08-10,12월,김창한,http://www.krafton.com,서울특별시,NULL,AA
547,키다리스튜디오,20120,"자료처리, 호스팅, 포털 및 기타 인터넷 정보매개 서비스업","만화, 소설 등 콘텐츠 제작 및 유통, 판매, 컴퓨터 프로그래밍, 시스템 통합 및 관리업",1996-07-03,12월,김영훈,http://www.kidaristudio.com,서울특별시,NULL,BBB
548,태경비케이,14580,"시멘트, 석회, 플라스터 및 그 제품 제조업","생석회,소석회,석회비료 제조,판매/비금속광물 광업/산업폐기물 재생처리/휴게소 운영",1991-03-07,12월,"김민정,정구일 (각자 대표이사)",http://www.bkmp.co.kr,서울특별시,NULL,JB
549,태경산업,15890,"기초 화학물질 제조업","제강용 정련제(프락스),카바이드,중질탈산칼슘 제조,판매/고속도로휴게소 운영",1996-01-30,12월,"김해련, 김민정, 박충기 (각자 대표이사)",http://www.taekyung.co.kr,서울특별시,NULL,A-
550,태경케미컬,6890,"기초 화학물질 제조업","드라이아이스,액체탄산,고체탄산 제조",2003-01-28,12월,박기환,http://www.taekyungchem.co.kr,서울특별시,NULL,JB
551,태광산업,3240,"화학섬유 제조업","석유화학제품(PTA,AN),화섬사,직물 등",1975-12-27,12월,"조진환, 정철현 (각자 대표이사)",http://www.taekwang.co.kr,서울특별시,NULL,AA-
552,태림포장,11280,"골판지, 종이 상자 및 종이용기 제조업","골판지,골판지상자,수출용박스 제조,도매/인쇄",1988-12-20,12월,이복진,http://www.tailim.com,경기도,NULL,A-
553,태평양물산,7980,"봉제의복 제조업","봉제의류(자켓,파카,코트),침구 제조,우모가공,생활용품 도소매,무역",1994-12-27,12월,임석원,http://www.panpacific.co.kr,서울특별시,NULL,BBB
554,테이팩스,55490,"플라스틱제품 제조업","OCA, 2차전지용 테이프, 산업용 랩 등",2017-10-31,12월,김상구,http://tapex.co.kr,경기도,NULL,JB
555,텔코웨어,78000,"자료처리, 호스팅, 포털 및 기타 인터넷 정보매개 서비스업","소프트웨어(핵심망솔루션,무선데이터솔루션,요소기술) 개발,유지보수,무역",2004-07-20,12월,금한태,http://www.telcoware.com,서울특별시,NULL,JB
556,토니모리,214420,"기타 화학제품 제조업","스킨케어 베이직, 포인트 메이크업, 스킨케어 스페셜, 베이스 메이크업 등",2015-07-10,12월,김승철,http://www.tonysteet.com,서울특별시,NULL,JB
557,티비에이치글로벌,84870,"봉제의복 제조업","캐주얼의류,여성의류,남성의류 제조,도소매",2005-12-19,12월,우종완,NULL,서울특별시,NULL,JB
558,티에이치엔,19180,"기타 전기장비 제조업","자동차부품(전기배선장치류) 제조,도매",1996-07-31,12월,"이광연, 채승훈",http://www.th-net.co.kr,대구광역시,NULL,JB
559,티와이홀딩스,363280,"기타 금융업",지주사업,2020-09-22,12월,유종연,http://www.ty-holdings.co.kr,서울특별시,NULL,A+
560,티웨이항공,91810,"항공 여객 운송업","저가 항공운송",2018-08-01,12월,정홍근,http://www.twayair.com,대구광역시,NULL,BBB
561,팜스코,36580,"곡물가공품, 전분 및 전분제품 제조업","배합사료 제조,도매",1999-10-25,12월,정학상,http://www.farmsco.com,경기도,NULL,BBB
562,팜젠사이언스,4720,"의약품 제조업","의약품 외",1990-06-15,12월,"김혜연 박희덕(각자)",http://www.pharmgenscience.com,경기도,NULL,JB
563,퍼시스,16800,"가구 제조업","사무용 가구,의자,책상,캐비넷 제조",1996-12-24,12월,"배상돈,박광호",http://www.fursys.co.kr,서울특별시,NULL,BBB
564,평화산업,90080,"자동차 신품 부품 제조업","자동차부품(방진고무,방류고무(COVER류,CUP류),호스류),장비시설용 부품 제조,판매",2006-06-02,12월,"황순용, 김주영",http://www.ph.co.kr,대구광역시,NULL,JB
565,평화홀딩스,10770,"자동차 신품 부품 제조업",지주회사,1986-03-31,12월,"황순용, 김주영",http://www.phhc.co.kr,대구광역시,NULL,JB
566,포스코스틸리온,58430,"1차 철강 제조업","용융아연도금강판,용융알루미늄도금강판,칼라도장강판,냉연강판 가공,제조,도매",2002-08-16,12월,윤양수,http://www.poscocnc.com,경상북도,NULL,A-
567,풍산홀딩스,5810,"기타 금융업","동판제,대,관,봉,선,소전,동파이프 제조,도매,무역",1988-07-28,12월,"류진, 박우동",http://www.poongsan.co.kr,인천광역시,NULL,A+
568,플레이그램,9810,"기타 전문 도매업","유연성 산업용 포장재(FIBC) 제조 판매",1988-08-31,12월,김재욱,http://nk-ms.com,서울특별시,NULL,JB
569,하나투어,39130,"여행사 및 기타 여행보조 서비스업","일반여행알선,컴퓨터프로그램 개발,보급,통신판매",2011-11-01,12월,송미선,http://www.hanatour.com,서울특별시,NULL,JB
570,하이브,352820,"오디오물 출판 및 원판 녹음업","음악 기획/제작, 퍼블리싱, 아티스트 매니지먼트",2020-10-15,12월,박지원,http://hybecorp.com,서울특별시,NULL,AA-
571,하이스틸,71090,"1차 철강 제조업","강관 제조,도매",2003-02-17,12월,엄정근,http://www.histeel.co.kr,충청남도,NULL,JB
572,한국공항,5430,"기타 운송관련 서비스업","항공기 지상조업,항공화물 상하역,장비대여,항공용역사업,항공기급유,항공화물 취급,보관,부정기헬기운송,여행알선,광업,먹는샘물 제조,농축산업",1976-12-28,12월,이수근,http://www.kas.co.kr,서울특별시,NULL,JB
573,한국내화,10040,"내화, 비내화 요업제품 제조업","내화벽돌,내화몰탈,축로등 제조,판매",2000-10-16,12월,변성희,http://www.fskrc.co.kr,충청남도,NULL,JB
574,한국단자공업,25540,"전동기, 발전기 및 전기 변환 · 공급 · 제어 장치 제조업","전기변환장치(광커넥터,통신용콘넥터,정밀압착단자설계) 제조,무역(수출)",1996-10-16,12월,"이창원,이원준",http://www.ket.com,인천광역시,NULL,A+
575,한국무브넥스,10100,"자동차 신품 부품 제조업","자동차부품(제동,구동장치),프랜지(관이음쇠),철구조물,산업기계 제조",1987-10-02,12월,이현덕,http://www.koreamovenex.com,울산광역시,NULL,BBB
576,한국석유공업,4090,"기타 비금속 광물제품 제조업","석유류제품(솔벤트,부로운아스팔트,방수시트몰터프라스,메타놀,빙초산) 제조,도소매/부동산 임대",1977-06-25,12월,"강승모,김득보(각자 대표이사)",http://www.koreapetroleum.com,서울특별시,NULL,BBB
577,한국수출포장공업,2200,"골판지, 종이 상자 및 종이용기 제조업","골판지상자,골판지원지 제조,판매",1974-06-28,12월,"대표이사 회장 허용삼 대표이사 사장 허정훈(각자대표이사)",http://www.keppack.co.kr,서울특별시,NULL,JB
578,한국앤컴퍼니,240,"기타 금융업",비금융지주회사,1968-12-27,12월,"조현범, 안종선(각자 대표이사)",http://www.hankook-technologygroup.com,경기도,NULL,A+
579,한국전자홀딩스,6200,"기타 금융업","시장조사,경영컨설팅",1979-11-30,12월,"박 명 덕",http://www.kecholdings.co.kr,서울특별시,NULL,A-
580,한국카본,17960,"구조용 금속제품, 탱크 및 증기발생기 제조업","탄소섬유(카본프리프레그(낚시대,테니스라켓,골프 Shaft,스포츠레저용품)),합성수지,글라스페이퍼,LNG선박용 단열판넬 제조,도매",1995-07-08,12월,"조문수, 이명화 공동대표이사",http://www.hcarbon.com,경상남도,NULL,A-
581,한국콜마홀딩스,24720,"기타 금융업","경영컨설팅,무역,과학및기술서비스업,도매",2002-04-09,12월,안병준,http://www.kolmarholdings.co.kr,세종특별자치시,NULL,A+
582,한국항공우주,47810,"항공기,우주선 및 부품 제조업","정부방산 및 완제기 수출(T-50계열, KUH계열, KT-1계열 등), 기체부품",2011-06-30,12월,강구영,http://www.koreaaero.com,경상남도,NULL,AA-
583,한국화장품,123690,"생활용품 도매업",화장품,2010-06-01,12월,이용준,http://www.ihkcos.co.kr,서울특별시,NULL,JB
584,한미글로벌,53690,"건축기술, 엔지니어링 및 관련 기술 서비스업","건축 설계,감리/건축공사,토목공사,설비공사,전기공사,안전공사",2009-06-23,12월,"윤요현, 박서영",http://www.hanmiparsons.com,서울특별시,NULL,BBB
585,한미반도체,42700,"특수 목적용 기계 제조업","반도체 후공정장비,반도체금형 제조/부동산 매매,임대",2005-07-22,12월,곽동신,http://www.hanmisemi.com,인천광역시,NULL,A
586,한미사이언스,8930,"기타 금융업","항생제(세포탁심,세포트리악손),유산균정장제(메디락비타,메디락베베),위장관운동조절개선제(설프라이드),고혈압치료제(유니바스크),원료의약품,식품 제조,판매",1988-06-20,12월,송영숙,http://www.hanmiscience.co.kr,경기도,NULL,A+
587,한샘,9240,"생활용품 도매업","주방가구(씽크대),인테리어가구 판매,제조/주택신축판매",2002-07-16,12월,김진태(대표집행임원),http://www.hanssem.com,경기도,NULL,BBB
588,한섬,20000,"봉제의복 제조업","여성의류,금속 액세서리,신발,가방,선글라스 제조,판매",1996-07-03,12월,김민덕,http://www.handsome.co.kr,서울특별시,NULL,AA-
589,한세엠케이,69640,"섬유, 의복, 신발 및 가죽제품 소매업","케주얼웨어(BUCKAROO, TBJ 등)",2011-06-21,12월,"김동녕, 김지원, 임동환(각자 대표이사)",http://www.mktrend.co.kr,서울특별시,NULL,JB
590,한세예스24홀딩스,16450,"봉제의복 제조업","의류(니트) 제조,도소매,원단 제조,부동산 임대",2000-01-06,12월,"김동녕, 김석환(각자 대표이사)",http://www.hansaeyes24.com,서울특별시,NULL,A+
591,한솔로지스틱스,9180,"기타 운송관련 서비스업","지류펄프 보관창고 운영/화물취급,화물운송알선,물류컨설팅/종합쇼핑몰운영,통신판매,인터넷백화점",1989-11-13,12월,황규호,http://www.hansollogistics.com,서울특별시,NULL,JB
592,한솔제지,213500,"펄프, 종이 및 판지 제조업","인쇄용지, 산업용지, 특수지 제조 및 판매",2015-01-26,12월,한철규,http://www.hansolpaper.co.kr,서울특별시,NULL,A
593,한솔피엔에스,10420,"기타 전문 도매업","정보시스템구축 및 유지보수, 포장재제조 및 가공, 지류가공 및 판매",1989-05-31,12월,"강준석,김형준(각자대표)",http://www.hansolpns.com,서울특별시,NULL,JB
594,한솔홀딩스,4150,"기타 금융업","지주회사,경영자문컨설팅",1972-05-17,12월,이재희,http://www.hansol.com,서울특별시,NULL,A-
595,한신기계공업,11700,"일반 목적용 기계 제조업","공기압축기,공구류 제조,판매/오파",1987-07-24,12월,최영민,http://www.hanshin.co.kr,경기도,NULL,JB
596,한올바이오파마,9420,"의약품 제조업","의약품 제조,도매/부동산 임대",1989-12-18,12월,"정승원,박수진(공동대표이사)",http://www.hanall.co.kr,대전광역시,NULL,JB
597,한익스프레스,14130,"도로 화물 운송업","특수화물 운송(유류,화학류,벌크제품 등),냉동차,탱크로리운송,복합운송 주선,임대,택배/특장차,중기 제조,판매",1989-07-25,12월,"유인철, 이석환 (각자대표)",http://www.hanex.co.kr,경기도,NULL,JB
598,한일홀딩스,3300,"시멘트, 석회, 플라스터 및 그 제품 제조업",지주사업,1969-11-20,12월,"허기호, 박지훈",http://www.hanil.com,서울특별시,NULL,A+
599,한전KPS,51600,"전기 및 통신 공사업","일반전기공사,발전설비정비공사,점검,수리,엔지니어링",2007-12-14,12월,김홍연,http://www.kps.co.kr,전라남도,NULL,AA-
600,한전기술,52690,"건축기술, 엔지니어링 및 관련 기술 서비스업","원자력발전소 설계 등",2009-12-14,12월,김성암,http://www.kepco-enc.com,경상북도,NULL,A
601,한전산업,130660,"건축기술, 엔지니어링 및 관련 기술 서비스업","발전설비 운전·정비, 전기검침",2010-12-16,12월,김평환,http://www.kepid.co.kr,서울특별시,NULL,JB
602,한진중공업홀딩스,3480,"연료용 가스 제조 및 배관공급업",지주회사,1956-03-03,12월,"조남호, 조원국",http://www.hhic-holdings.com,경기도,NULL,BBB
603,한컴라이프케어,372910,"의료용 기기 제조업","공기호흡기, 방독면, 보호복 등",2021-08-17,12월,오병진,http://www.hancomlifecare.com,경기도,NULL,JB
604,한화오션,42660,"선박 및 보트 건조업","선박 제조",2001-02-02,12월,권혁웅,http://www.hanwhaocean.com/pub/main/index.do,경상남도,NULL,BBB
605,해성디에스,195870,"전자부품 제조업","반도체 패키지용 Substrate",2016-06-24,12월,조병학,http://www.haesungds.com,경상남도,NULL,A
606,현대리바트,79430,"가구 제조업","일반목재가구(책상,침실가구),주방가구,목창호,사무용가구,선실가구 제조",2005-11-22,12월,윤기철,http://www.hyundailivart.co.kr,경기도,NULL,A+
607,현대미포조선,10620,"선박 및 보트 건조업","선박수리,선박개조,선박신조",1983-12-20,12월,김형관,http://www.hmd.co.kr,울산광역시,NULL,AA-
608,현대지에프홀딩스,5440,"기타 금융업","백화점,여행알선,숙박,음식점/부동산 임대",1989-08-22,12월,"이진원 (단독 대표이사)",http://www.hyundaigreenfood.com,경기도,NULL,A+
609,현대코퍼레이션홀딩스,227840,"음·식료품 및 담배 도매업","브랜드사업, 육류유통",2015-10-23,12월,"정몽혁, 김원갑(각자대표이사)",http://www.hyundaicorpholdings.com,서울특별시,NULL,JB
610,현대퓨처넷,126560,"전기 통신업","디지털 사이니지, 기업 메시징 등",2010-12-23,12월,류성택,http://www.hyundaifuturenet.com,서울특별시,NULL,A
611,현대홈쇼핑,57050,"무점포 소매업","TV홈쇼핑 도소매/홈쇼핑프로그램 제작",2010-09-13,12월,"정교선, 임대규(각자 대표이사)",http://www.hmall.com,서울특별시,NULL,AA-
612,호전실업,111110,"봉제의복 제조업","스포츠웨어 및 아웃도어 웨어 OEM",2017-02-02,12월,"박용철 박진호",http://www.hojeon.com,서울특별시,NULL,JB
613,화성산업,2460,"건물 건설업","아파트 건설",1988-09-29,12월,"이종원,최진엽",http://www.hwasung.com,대구광역시,NULL,A
614,화승알앤에이,378850,"자동차 신품 부품 제조업","자동차용 고무제품",2021-03-15,12월,김형진,http://www.hsrna.com,경상남도,NULL,JB
615,화승엔터프라이즈,241590,"신발 및 신발 부분품 제조업",NULL,2016-10-04,12월,이계영,http://www.hsenterprise.co.kr,부산광역시,NULL,BBB
616,화승코퍼레이션,13520,"자동차 신품 부품 제조업","산업용 고무제품(호스시트,벨트,펜더 등) 제조, 판매",1991-02-22,12월,"허성룡,현지호",http://www.hscorp.com,부산광역시,NULL,A-
617,화천기공,850,"특수 목적용 기계 제조업","CNC선반,CNC밀링,연마기(금속공작기계),MC공작기계,COPY밀링기계,주방품 제조,도매",1999-11-18,12월,"각자대표이사 권영두, 권영렬",http://www.hwacheon.com,광주광역시,NULL,A-
618,환인제약,16580,"의약품 제조업","의약품(신경정신질환치료제,소화기관용약제,연고) 제조,도매",1996-07-03,12월,"이광식, 이원범(각자 대표이사)",http://www.whanin.co.kr,서울특별시,NULL,A
619,황금에스티,32560,"1차 비철금속 제조업","스테인레스 냉연, 열연",2009-10-29,12월,김종현,http://www.hwangkum.com,경기도,NULL,A-
620,효성,4800,"기타 금융업","스판덱스,합성원사,나일론,폴리에스터,타이어코드지,PET병,수지제품,중전기제품(변압기,차단기),사무용기계,컴퓨터 제조/건축공사",1973-06-30,12월,"Hyun-Joon Cho, Kyoo-Young Kim",http://www.hyosung.com,서울특별시,NULL,A
621,"효성 ITX",94280,"기타 사업지원 서비스업","컨택센터서비스, Cloud솔루션, CDN, 프로젝터판매",2007-10-25,12월,남경환,http://www.hyosungitx.com,서울특별시,NULL,JB
622,효성티앤씨,298020,"화학섬유 제조업","섬유, 산업자재, 화학, 중공업, 건설, 무역,금융 등",2018-07-13,12월,김치형,http://www.hyosungtnc.com,서울특별시,NULL,A
623,후성,93370,"기초 화학물질 제조업","불소화물 제조,도매",2006-12-22,12월,허국,http://www.foosungchem.com,경기도,NULL,A
624,휠라홀딩스,81660,"생활용품 도매업","스포츠의류,신발,가방,시계,골프장비,화장품,가죽제품(지갑,키홀더) 도매,수출입",2010-09-28,12월,윤근창,http://www.filaholdings.com/kr/main/index.asp,서울특별시,NULL,AA-
625,휴비스,79980,"화학섬유 제조업","합성섬유(폴리에스테르원사,원면),재생섬유,폴리에스텔 원사,원면,고상칩 제조,도소매",2012-02-23,12월,신유동,http://www.huvis.com,서울특별시,NULL,BBB
626,휴스틸,5010,"1차 철강 제조업","강관(배관용,구조용,유정용) 제조,도매",1973-06-29,12월,박훈,http://www.husteel.com,서울특별시,NULL,AA-
627,흥아해운,3280,"해상 운송업",외항화물운송업(케미컬탱커),1976-06-29,12월,이환구,http://www.heung-a.com,서울특별시,NULL,JB
